News Org,Compound,Positive,Negative,Neutral,Text,Created At,Tweets Ago
BBC,-0.6808,0.0,0.248,0.752,"No coffee after 2pm, no lie-ins and no phones in the bedroom...

One woman followed all the rules to find out what… https://t.co/EoQcnBXGQ4",Wed Mar 14 21:14:04 +0000 2018,0
BBC,0.0,0.0,0.0,1.0,?? The sky's the limit! https://t.co/eQgP9MDBCj,Wed Mar 14 20:00:03 +0000 2018,1
BBC,0.0,0.0,0.0,1.0,"“Remember to look up at the stars and not down at your feet.”

An extraordinary man whose work and legacy will live… https://t.co/iM2vDxd8ET",Wed Mar 14 19:10:00 +0000 2018,2
BBC,-0.7964,0.0,0.351,0.649,Britain's most iconic dog is in crisis. Catherine Tate investigates the serious health problems affecting the Briti… https://t.co/pnTcQIQAi5,Wed Mar 14 19:04:03 +0000 2018,3
BBC,0.0,0.0,0.0,1.0,"?? This is trippy. 

#TonesDronesAndArpeggios | Watch on @BBCiPlayer https://t.co/Ylvgi0X3XV",Wed Mar 14 18:30:00 +0000 2018,4
BBC,0.0,0.0,0.0,1.0,Would you use a cup made of used chewing gum? https://t.co/3yFsUyeZAc,Wed Mar 14 17:30:00 +0000 2018,5
BBC,0.8402,0.345,0.0,0.655,RT @BBCR1: Big thanks to #PiDay for giving us an excuse to re-share this video of Tom Hiddleston making it sound sexy ? https://t.co/1VZuCI…,Wed Mar 14 16:43:32 +0000 2018,6
BBC,0.4019,0.124,0.0,0.876,"RT @BBCTwo: In a change to tonight’s schedule, we’ll now be showing a Horizon special from 1983 looking at Stephen Hawking's extraordinary…",Wed Mar 14 16:20:43 +0000 2018,7
BBC,0.0,0.0,0.0,1.0,"?? From the behaviour of black holes to the origin of the universe, these are the discoveries that made Stephen Haw… https://t.co/Nep1Hu6Onj",Wed Mar 14 14:38:04 +0000 2018,8
BBC,0.7783,0.274,0.0,0.726,"Broadcaster and comedian Jim Bowen, best known for hosting darts-based game show Bullseye in the 1980s and '90s, ha… https://t.co/4d3xxj5e3X",Wed Mar 14 13:24:10 +0000 2018,9
BBC,0.6779,0.382,0.0,0.618,"Pi(?) = the most delicious number in the known universe. 
? #PiDay https://t.co/hjtJByH0XN",Wed Mar 14 13:00:06 +0000 2018,10
BBC,0.561,0.174,0.0,0.826,"RT @BBCR1: ?? #Gregathlon is GO! ??

@GregJames is getting back on his bike to finish his HUGE challenge for @SportRelief. 

He starts his…",Wed Mar 14 12:49:48 +0000 2018,11
BBC,0.6696,0.219,0.0,0.781,"RT @bbcgetinspired: ? DANCERS NEEDED! ?

Do you know a dancer who would love this? ?? #TuesdayThoughts #GetInspired @birminghamcg22 #Birmin…",Wed Mar 14 12:17:18 +0000 2018,12
BBC,-0.802,0.0,0.231,0.769,RT @BBCFOUR: Ruth Ellis was only 28 when she became the last woman hanged to death in the UK – and it took place disturbingly recently. htt…,Wed Mar 14 12:12:32 +0000 2018,13
BBC,0.3612,0.135,0.0,0.865,"? The Bard is credited with inventing several hundred English words. 

Test your knowledge of Bard-influenced corpo… https://t.co/V3IfPC0kDm",Wed Mar 14 12:03:05 +0000 2018,14
BBC,0.8176,0.351,0.052,0.598,"RT @BBCRadio4: Here is a perfect example of Stephen Hawking's extraordinary ability to make serious science genuinely popular
A 90-second e…",Wed Mar 14 11:59:37 +0000 2018,15
BBC,0.3612,0.172,0.0,0.828,"RT @bbcthree: ""Having vitiligo is like having something that nobody else has."" https://t.co/IG2a06mxGV",Wed Mar 14 11:56:23 +0000 2018,16
BBC,0.8625,0.281,0.0,0.719,RT @bbcouch: George has autism and other health conditions - but his love of skiing is helping him take on the outside world ??? https://t.…,Wed Mar 14 11:56:14 +0000 2018,17
BBC,0.0,0.0,0.0,1.0,"? Stephen Hawking: A life in pictures.
? ? https://t.co/0NOtTi7lyD https://t.co/Q1yeTunvnY",Wed Mar 14 11:30:12 +0000 2018,18
BBC,0.0,0.0,0.0,1.0,"'You could ask my dad any question.'

In memory of Stephen Hawking, here's an earlier interview with his daughter L… https://t.co/6OQlwLfg2d",Wed Mar 14 10:27:40 +0000 2018,19
BBC,0.0,0.0,0.0,1.0,RT @BBCArchive: Stephen Hawking first appeared on the BBC in the 1977 documentary The Key to the Universe: The Search for the Laws of Creat…,Wed Mar 14 10:01:19 +0000 2018,20
BBC,0.5719,0.252,0.0,0.748,'I was homeless on these streets - I'm the perfect tour guide.' https://t.co/jxirkZzebu,Wed Mar 14 09:00:05 +0000 2018,21
BBC,0.0,0.0,0.0,1.0,"Despite 8 million tonnes of plastic entering UK oceans each year, researchers can only account for where 1% of it e… https://t.co/qHNjcKK9Ap",Wed Mar 14 08:35:41 +0000 2018,22
BBC,0.0,0.0,0.0,1.0,Stephen Hawking had once written that he had motor neurone disease for practically all his adult life but said that… https://t.co/6oyYB57iE6,Wed Mar 14 07:07:28 +0000 2018,23
BBC,-0.5574,0.0,0.13,0.87,RT @BBCr4today: This morning: World renowned physicist Stephen Hawking has died at the age of 76. Here he is reading an extract from his 19…,Wed Mar 14 07:03:36 +0000 2018,24
BBC,0.3612,0.201,0.116,0.683,"RT @BBCWorld: A brilliant mind,

wicked sense of humor

and a heart big enough to hold the universe. ??

Rest among the stars, Stephen Hawk…",Wed Mar 14 06:28:18 +0000 2018,25
BBC,-0.5574,0.0,0.217,0.783,"? World renowned physicist Stephen Hawking has died at the age of 76.
https://t.co/WxYeUddUJB https://t.co/Sbl0zn1Dma",Wed Mar 14 06:21:50 +0000 2018,26
BBC,0.0,0.0,0.0,1.0,"Wakanda has Black Panther. 

 Senegal has Sandale-man. https://t.co/T9JnB3pNeq",Tue Mar 13 20:00:05 +0000 2018,27
BBC,0.0,0.0,0.0,1.0,? Charis is 19 years old and makes SWORDS for a living! https://t.co/kUUiAjIwNu,Tue Mar 13 19:00:05 +0000 2018,28
BBC,0.0,0.0,0.0,1.0,"Microplastics are littering riverbeds across the UK, with hundreds of thousands of plastic particles per square met… https://t.co/cGhDdnQrTm",Tue Mar 13 18:30:05 +0000 2018,29
BBC,0.6696,0.29,0.0,0.71,???? Ballet is STILL the love of Joyce's life at 98-years-old! https://t.co/nzr3Jy1wbS,Tue Mar 13 17:30:06 +0000 2018,30
BBC,-0.296,0.0,0.087,0.913,"RT @bbcthree: ""No one needs airbags because you've got two"" 

.... and others things not to say to people who've had cosmetic procedures ht…",Tue Mar 13 17:16:46 +0000 2018,31
BBC,0.3182,0.103,0.0,0.897,"RT @BBCR1: Now we have a trailer for #FantasticBeasts: The Crimes of Grindelwald, please can we take a moment to discuss Eddie Redmanyne's…",Tue Mar 13 17:13:13 +0000 2018,32
BBC,-0.5255,0.092,0.188,0.72,"RT @bbcwritersroom: #Networking, a necessary evil - and why you've got to learn to embrace it! 

Check out @PhilipShelley1's latest blog fo…",Tue Mar 13 17:02:28 +0000 2018,33
BBC,0.6808,0.244,0.054,0.702,"From making serious science genuinely popular to his sense of humour, here are seven reasons we ?? Stephen Hawking.… https://t.co/zWNEpoOttE",Tue Mar 13 14:00:22 +0000 2018,34
BBC,0.4215,0.135,0.0,0.865,? This scheme to recycle unused paint has saved hundreds of tons of leftovers from ending up in landfill. https://t.co/Y6oau3hK0s,Tue Mar 13 13:00:08 +0000 2018,35
BBC,0.0258,0.09,0.086,0.824,?? Fans of #KPop boyband #BigBang have been asked to stop sending fan mail to @IBGDRGN at the army base where he's… https://t.co/Swh0KwypL7,Tue Mar 13 12:26:59 +0000 2018,36
BBC,0.0,0.0,0.0,1.0,"RT @bbcouch: During the Winter Olympics people across Britain were swept away by curling. And Aileen Neilson, captain of @ParalympicsGB’s c…",Tue Mar 13 12:03:24 +0000 2018,37
BBC,0.25,0.1,0.0,0.9,"Shakespeare's plays are famous around the world, yet much about the playwright is still a mystery. 

Here's what we… https://t.co/McqCcs3mMj",Tue Mar 13 12:00:09 +0000 2018,38
BBC,-0.431,0.0,0.192,0.808,"RT @bbcthree: ""Underwater you feel nothing. You're at peace with yourself.""  #perfectday2018 https://t.co/zHpEQSzk4H",Tue Mar 13 11:28:09 +0000 2018,39
BBC,-0.4588,0.0,0.12,0.88,"RT @BBCiPlayer: Renowned shop owner and music producer, Blacker Dread, was amongst the first pioneers of sound system culture in the UK ??…",Tue Mar 13 11:26:58 +0000 2018,40
BBC,0.0,0.0,0.0,1.0,"? Are we really born to prefer 'boys' or 'girls' toys? 

? The answer might lie with monkeys... https://t.co/oI014dsJHD",Tue Mar 13 09:00:06 +0000 2018,41
BBC,0.6304,0.2,0.081,0.718,"? Accents can be subject to subtle forms of prejudice, but does that mean some are more appealing and trustworthy t… https://t.co/BgEMXgEzSr",Tue Mar 13 08:30:07 +0000 2018,42
BBC,-0.0772,0.111,0.129,0.76,Marianne's search for her missing daughter could be straight out of the film #ThreeBillboards. https://t.co/dph6hhzlXi,Tue Mar 13 08:00:03 +0000 2018,43
BBC,0.5515,0.229,0.0,0.771,"RT @BBCOne: ?? Edina, but kind of glad she's not our mum. https://t.co/lQINpsfQuA",Mon Mar 12 20:17:27 +0000 2018,44
BBC,-0.7003,0.099,0.303,0.599,"RT @BBCnireland: Christopher suffered a severe, life-changing, brain injury. It changed his life and the life of his family. True North: My…",Mon Mar 12 20:16:22 +0000 2018,45
BBC,0.2263,0.16,0.0,0.84,? These three women are leading the way in ocean exploration. https://t.co/qwkMRVMiNl,Mon Mar 12 19:23:01 +0000 2018,46
BBC,0.2263,0.119,0.0,0.881,"?? A week’s worth of veggie dishes from @ChefTomKerridge, @NigelSlater, @Nigella_Lawson and The @HairyBikers.
?… https://t.co/VvTZRToT6L",Mon Mar 12 18:30:06 +0000 2018,47
BBC,0.5859,0.16,0.0,0.84,"'There's nothing in the dictionary for that.'

??? The amazing moment eight London teens hear an opera singer in th… https://t.co/J448SabIeC",Mon Mar 12 17:30:05 +0000 2018,48
BBC,0.0,0.0,0.0,1.0,"RT @BBCTwo: Meet Marshaal and Amal, two of just six women working at this hotel in Oman.

#AmazingHotels #IWD2018 https://t.co/5zdDAFBrZ9",Mon Mar 12 16:44:15 +0000 2018,49
BBC,0.9022,0.357,0.0,0.643,"RT @BBCOne: To celebrate the life of the amazing Ken Dodd, tonight we will be showing:

22:45 - Arena: Ken Dodd's Happiness
23:45 - Talking…",Mon Mar 12 16:24:52 +0000 2018,50
BBC,0.8429,0.298,0.0,0.702,RT @BBCnireland: AMAZING OPPORTUNITY: We're looking for female directors aged 18-30. Could you make a short film for BBC NI &amp; @bbcartsshow?…,Mon Mar 12 16:17:43 +0000 2018,51
BBC,0.0,0.0,0.0,1.0,"? @Beyonce and Jay-Z are going on a joint tour called On The Run II, it has finally been confirmed. 
?… https://t.co/sG72fSqfRi",Mon Mar 12 16:07:16 +0000 2018,52
BBC,-0.3612,0.0,0.116,0.884,"RT @BBCR1: ""Who is your least favourite Carpool Karaoke guest?""
 
@JKCorden always asks difficult questions... So @grimmers let celebs get…",Mon Mar 12 15:55:51 +0000 2018,53
BBC,-0.34,0.0,0.194,0.806,"? Binoculars, wet wipes, glue, and other confusingly gendered products...
? https://t.co/iDxK2oSX4R https://t.co/5NxTrzbdb3",Mon Mar 12 14:00:09 +0000 2018,54
BBC,0.25,0.1,0.0,0.9,"French fashion designer Hubert de Givenchy, who created famous looks for Audrey Hepburn and Jackie Kennedy, has die… https://t.co/UuWcTZ46c2",Mon Mar 12 13:30:45 +0000 2018,55
BBC,0.0,0.0,0.0,1.0,"RT @BBCBreakfast: Let's settle this... Which goes first on a scone, cream or jam? 

@MrDanWalker thinks it should be #jamfirst but @LouiseM…",Mon Mar 12 13:27:27 +0000 2018,56
BBC,0.0,0.0,0.0,1.0,'Our clothes can be a sixth sense.' https://t.co/DiN7gnxlon,Mon Mar 12 12:59:05 +0000 2018,57
BBC,0.0,0.0,0.0,1.0,RT @BBCR1: .@thegreatkhalid gives all the goosebumps with his Live Lounge cover of Tracy Chapman's 'Fast Car' ??? https://t.co/03fLgeKklj,Mon Mar 12 12:46:06 +0000 2018,58
BBC,-0.34,0.0,0.112,0.888,"RT @bbccomedy: In a nutshell, it's a foregone conclusion that you'll accidentally quote the big man during #ShakespeareWeek. The son of a b…",Mon Mar 12 12:40:39 +0000 2018,59
BBC,0.0,0.0,0.0,1.0,RT @BBCWorld: Miami nightclub shut over horse stunt https://t.co/j4SjWAyDWo,Mon Mar 12 12:19:24 +0000 2018,60
BBC,0.0,0.0,0.0,1.0,"? If you’ve ever been ‘in a pickle’, waited ‘with bated breath’, or gone on ‘a wild goose chase’, then you’ve been… https://t.co/iAh1LB98DU",Mon Mar 12 12:00:09 +0000 2018,61
BBC,-0.6542,0.066,0.225,0.709,"RT @BBCFOUR: Two common hair straightener temperatures: one's fine, but the other will destroy your hair... https://t.co/BEaLyTWdzy",Mon Mar 12 10:58:16 +0000 2018,62
BBC,0.7579,0.282,0.071,0.647,"RT @bbcthree: ""It's great to go to the court knowing there's no ban... I'm still able to practice my faith while playing basketball.""  #per…",Mon Mar 12 10:55:19 +0000 2018,63
BBC,-0.5255,0.0,0.159,0.841,"RT @BBCNewsround: Have you been using emojis wrong this whole time? ?Yep, apparently there's an official definition now! https://t.co/Xiwan…",Mon Mar 12 10:52:55 +0000 2018,64
BBC,0.2433,0.185,0.119,0.696,"? Sir Ken Dodd, creator of the Diddy Men and one of the most popular comedians of his time, has died aged 90.
?… https://t.co/Yw0hzqKjyK",Mon Mar 12 09:58:30 +0000 2018,65
BBC,-0.1531,0.191,0.264,0.545,Is this a 'luxury prison' or the best way to prepare offenders for life outside? https://t.co/uqQZwyCC6S,Mon Mar 12 09:00:06 +0000 2018,66
BBC,0.2732,0.18,0.133,0.687,"? Poor, rural societies which ate high-quality, local foods had the best diet and health in mid-Victorian Britain.… https://t.co/P4N0lA74ch",Mon Mar 12 08:30:04 +0000 2018,67
BBC,0.0516,0.186,0.174,0.64,3 out of 4 parents wouldn’t be able to save their baby from choking. https://t.co/pxYSvLtkBN,Mon Mar 12 08:00:05 +0000 2018,68
BBC,0.6068,0.237,0.0,0.763,"RT @bbcthree: ""I felt completely overwhelmed and amazed as soon as he was put on my chest."" https://t.co/3FOgymPjhQ",Sun Mar 11 21:39:32 +0000 2018,69
BBC,0.6908,0.322,0.0,0.678,"?? Catch the best performances, exclusive backstage footage and photos from #AsianNetworkLive2018 at… https://t.co/nWlJnU6AX9",Sun Mar 11 21:22:19 +0000 2018,70
BBC,0.3612,0.152,0.0,0.848,"RT @BBCOne: Here's to the memories. ??
Thank you for watching #CallTheMidwife with us. https://t.co/G1h78O8Qya",Sun Mar 11 21:02:37 +0000 2018,71
BBC,0.861,0.43,0.0,0.57,"Join host @TessDaly for a very special event honouring one of this country's biggest and best-loved entertainers, S… https://t.co/Cym8TQlXhE",Sun Mar 11 20:00:07 +0000 2018,72
BBC,0.765,0.29,0.048,0.662,"RT @bbcouch: ‘I couldn’t reach Millie in her toughest year’

@knight_millie may be celebrating her second silver medal at the Winter Paraly…",Sun Mar 11 19:54:20 +0000 2018,73
BBC,0.296,0.137,0.097,0.767,RT @bbcsoutheast: It’s with great sadness we have to report that our sports reporter Neil Bell passed away in the early hours of Sunday mor…,Sun Mar 11 19:52:28 +0000 2018,74
BBC,0.4939,0.132,0.0,0.868,RT @BBCBreakfast: Mary Beard's documentaries about the Romans have brought their ancient world to life - now she's turning her hand to the…,Sun Mar 11 19:51:36 +0000 2018,75
BBC,-0.7481,0.0,0.285,0.715,"RT @BBCiPlayer: I will not allow that man...that nobody...to kill my brother twice. #ACSVersace, now on BBC iPlayer: https://t.co/M1ixQKBH3…",Sun Mar 11 19:51:25 +0000 2018,76
BBC,0.0,0.0,0.0,1.0,RT @BBCOne: Mums have to put up with some right rubbish. https://t.co/mN7f23pPub,Sun Mar 11 19:51:12 +0000 2018,77
BBC,0.0,0.0,0.0,1.0,RT @BBCSpringwatch: Actual Mother's Day sibling selfie ??????  #selfie #mothersday #motheringsunday #sunday #winterwatch #wildlife #littleo…,Sun Mar 11 19:50:11 +0000 2018,78
BBC,0.0,0.0,0.0,1.0,RT @cbbc: Tanya Muzinda is on a mission to conquer the motocross world. Follow her story Monday 5.30pm ??? https://t.co/Z9w1GJZS45,Sun Mar 11 19:49:56 +0000 2018,79
BBC,-0.5994,0.0,0.163,0.837,"'That was the end of my childhood.'

?Money saving expert @MartinSLewis opens up about the death of his mum, three… https://t.co/zFdD7gDBmH",Sun Mar 11 19:00:03 +0000 2018,80
BBC,0.2263,0.353,0.213,0.435,?? These creations are helping to comfort children during their cancer treatment. https://t.co/qque7xnzNx,Sun Mar 11 18:00:15 +0000 2018,81
BBC,0.3818,0.206,0.0,0.794,? Ewe won't believe how this farmer revives frozen little lambs.  https://t.co/z1UvoIiRXY,Sun Mar 11 17:02:03 +0000 2018,82
BBC,0.0,0.0,0.0,1.0,"RT @BBCMOTD: John Motson in his element during his last ever LIVE commentary (would you believe it?!)
50 years as a commentator?
10 World C…",Sun Mar 11 16:55:19 +0000 2018,83
BBC,0.0,0.0,0.0,1.0,"By 2050, 30-50% of all species could be heading towards extinction. https://t.co/2TYrhIiBIw",Sun Mar 11 16:00:04 +0000 2018,84
BBC,0.0,0.0,0.0,1.0,?? Tomorrow’s space scientists will have to deal with a monumental amount of space junk left from previous spacecra… https://t.co/IJTpc5TBsd,Sun Mar 11 15:01:05 +0000 2018,85
BBC,0.0,0.0,0.0,1.0,"RT @5liveSport: For the final time...

The legendary John Motson is in our commentary box ????

He'll be commentating on #Arsenal vs #Watfo…",Sun Mar 11 14:43:09 +0000 2018,86
BBC,-0.0772,0.257,0.284,0.459,Making fake videos just got easier. https://t.co/VSP9bwHVNZ,Sun Mar 11 14:00:04 +0000 2018,87
BBC,-0.5267,0.0,0.145,0.855,"Captain America teams up with Black Widow to get to the bottom of a conspiracy. ????

Captain America: The Winter S… https://t.co/yDWYJRUgGi",Sun Mar 11 12:33:04 +0000 2018,88
BBC,0.0,0.0,0.0,1.0,? Meet Om Abdullah - Egypt's first official female minibus driver. https://t.co/Z4fmE1k5ph,Sun Mar 11 12:00:03 +0000 2018,89
BBC,-0.2755,0.0,0.095,0.905,"RT @BBCSport: We're not emotionally ready for this.

John Motson will deliver his final live BBC commentary today.

More details?
https://t…",Sun Mar 11 11:31:52 +0000 2018,90
BBC,0.1326,0.073,0.05,0.877,"RT @CBeebiesHQ: Doesn't matter if your family has:

One Mum???

Two Mums ???????

A Grandmum ??

... they all want a lie-in!

#HappyMothers…",Sun Mar 11 11:10:49 +0000 2018,91
BBC,0.7717,0.355,0.0,0.645,"? Surprise your mum with a homemade treat this #MothersDay – from easy cupcakes to luscious layer cakes.
?… https://t.co/p7n5lo2ziD",Sun Mar 11 10:32:04 +0000 2018,92
BBC,-0.25,0.098,0.155,0.747,"RT @BBCScotland: Undercover filming reveals Scotland's growing 'bag' problem.

See more from #ShortStuff -  https://t.co/orhxUmskEd 

#come…",Sun Mar 11 10:24:05 +0000 2018,93
BBC,0.0,0.0,0.0,1.0,? Blossom the pig can sit on command! https://t.co/mRGtuk0zqh,Sun Mar 11 10:05:01 +0000 2018,94
BBC,0.6808,0.211,0.0,0.789,"RT @BBC6Music: ? 6 Music launched 16 years ago today. 

When you turned 16, which album did you think was a masterpiece? Do you still love…",Sun Mar 11 10:02:15 +0000 2018,95
BBC,0.0,0.0,0.0,1.0,"RT @1Xtra: The new breed a dancehall artist @thebellablair performs for @davidrodigan #1XtraJamaica 

?? https://t.co/MrnHDz2ZyL https://t.…",Sun Mar 11 09:38:23 +0000 2018,96
BBC,0.7847,0.257,0.0,0.743,"RT @BBCRadio3: ""To my first Love, my Mother, on whose knee
I learnt love-lore that is not troublesome""
Christina Rossetti's 'Sonnets are fu…",Sun Mar 11 09:35:38 +0000 2018,97
BBC,0.5803,0.131,0.0,0.869,RT @TWBBC: Fry-up anyone?  ??? Did you know just 1.5 sausages could reduce your lifespan by 30 minutes? But 2-3 cups of coffee could gain y…,Sun Mar 11 09:33:16 +0000 2018,98
BBC,0.0,0.0,0.0,1.0,During the Middle Ages the custom developed of allowing people who had moved away to return and visit their mothers… https://t.co/UQD2ySeRH4,Sun Mar 11 09:30:10 +0000 2018,99
CBSNews,0.0,0.0,0.0,1.0,"What did Omar Mateen's widow know before the Orlando nightclub shooting?
https://t.co/3ebt6jKm1B https://t.co/p7KVWpoh4c",Thu Mar 15 02:15:05 +0000 2018,0
CBSNews,-0.4588,0.069,0.155,0.776,"UPDATE: Both aviators on fighter jet that crashed near naval base in Key West, Florida have died, according to… https://t.co/fx4pzbEI7U",Thu Mar 15 02:13:28 +0000 2018,1
CBSNews,0.5267,0.145,0.0,0.855,"The field of ""masculinities studies"" has long had men's misdeeds as an area of focus, but it's gained newfound expo… https://t.co/JSDBRGlczQ",Thu Mar 15 01:55:01 +0000 2018,2
CBSNews,0.0,0.0,0.0,1.0,"""Just because I have more time to watch games doesn’t mean my picks will be better."" Former U.S. President Barack O… https://t.co/ca5YaXZOG9",Thu Mar 15 01:35:31 +0000 2018,3
CBSNews,-0.296,0.0,0.121,0.879,"As Stephen Hawking once told ""60 Minutes,"" he went scientifically where no man had gone before… https://t.co/fsE86x4oLR",Thu Mar 15 01:15:01 +0000 2018,4
CBSNews,0.0,0.0,0.0,1.0,"Republican Rick Saccone isn't yielding the #PA18 race, even as pundits are saying it would be nearly impossible for… https://t.co/C44kboDycq",Thu Mar 15 00:56:01 +0000 2018,5
CBSNews,-0.8176,0.0,0.321,0.679,"High school students across the nation walked out to protest gun violence Wednesday, staying out of class for at le… https://t.co/6eihGylwdA",Thu Mar 15 00:35:01 +0000 2018,6
CBSNews,0.0,0.0,0.0,1.0,"On Wednesday, Russian President Vladimir Putin was busy campaigning for re-election in Crimea, the province he took… https://t.co/G0EC14qyhC",Thu Mar 15 00:15:01 +0000 2018,7
CBSNews,-0.4767,0.087,0.177,0.736,The Senate passed bipartisan legislation easing bank rules that were enacted after the 2008 financial crisis to pre… https://t.co/wTfNwk2w09,Wed Mar 14 23:55:01 +0000 2018,8
CBSNews,0.0,0.0,0.0,1.0,"10-year-old German shepherd supposed to be on flight from Oregon to Kansas City, but when owner arrived in Missouri… https://t.co/C1qG6Y03Me",Wed Mar 14 23:35:01 +0000 2018,9
CBSNews,0.1531,0.078,0.0,0.922,"A Navy F-18 fighter jet crashed in the water near a naval station in Key West, Florida, according to the Navy.… https://t.co/0w3Lh5zspI",Wed Mar 14 23:15:02 +0000 2018,10
CBSNews,-0.5574,0.0,0.141,0.859,"One of the wonders of the universe, Stephen Hawking died today at his home in Cambridge, England. He was 76. CBS Ne… https://t.co/qtof4lz6z7",Wed Mar 14 23:05:00 +0000 2018,11
CBSNews,0.3612,0.133,0.062,0.806,"United is apologizing again for a pet blunder. First, a flight attendant placed a puppy in an overhead bin before i… https://t.co/o1d03dFBed",Wed Mar 14 22:59:32 +0000 2018,12
CBSNews,0.3612,0.116,0.0,0.884,A new study finds women who are physically fit may be 90 percent less likely to develop dementia. @drtaranarula has… https://t.co/CQ7K45rR82,Wed Mar 14 22:52:05 +0000 2018,13
CBSNews,-0.3818,0.0,0.133,0.867,Russian president Vladimir Putin said nothing about the U.K. expelling Russian diplomats. He was campaigning in Cri… https://t.co/ilpDhtNoNP,Wed Mar 14 22:49:39 +0000 2018,14
CBSNews,-0.5574,0.0,0.141,0.859,"CBS News has confirmed that Andrew McCabe, once the deputy director of FBI, could be fired just days short of his o… https://t.co/oPC6nbAxXZ",Wed Mar 14 22:46:10 +0000 2018,15
CBSNews,0.2716,0.087,0.0,0.913,"The shake-up at the White House continues. A new economic adviser is about to go in, and more top members of the ad… https://t.co/DtFewIpbBj",Wed Mar 14 22:43:52 +0000 2018,16
CBSNews,0.1027,0.116,0.099,0.785,"At a high school in Seaside, California, a lesson in gun safety yesterday did not go as planned. It ended with thre… https://t.co/1G5Vvonr3m",Wed Mar 14 22:41:35 +0000 2018,17
CBSNews,0.0,0.0,0.0,1.0,"Hundreds of thousands of high school students left schools for at least 17 minutes, one minute for each of the peop… https://t.co/yFxr0h5xbr",Wed Mar 14 22:35:36 +0000 2018,18
CBSNews,0.0,0.0,0.0,1.0,Congressional sources and White House advisers tell CBS News that Housing and Urban Development Secretary Ben Carso… https://t.co/aGq7TXMEIM,Wed Mar 14 22:30:35 +0000 2018,19
CBSNews,0.0,0.0,0.0,1.0,"JUST IN: F/A-18 crashes near Key West Naval Air Station, U.S. Navy confirms to CBS News' David Martin; crew on board ejected from aircraft.",Wed Mar 14 22:07:34 +0000 2018,20
CBSNews,-0.8271,0.046,0.283,0.671,"""I want to go back to jail."" Missouri man who spent almost four decades in prison for murder and parole violations… https://t.co/276GHawMTs",Wed Mar 14 21:45:01 +0000 2018,21
CBSNews,-0.7579,0.0,0.245,0.755,"The World Bank and the U.N. are sounding the alarm over a global water crisis, saying in a joint report that 40 per… https://t.co/6DXnYBUG8t",Wed Mar 14 21:25:01 +0000 2018,22
CBSNews,-0.5267,0.0,0.185,0.815,"YouTube says it's cracking down on conspiracy videos, though it's scant on the details. https://t.co/7mZiHR3JAi https://t.co/l00J9X06HU",Wed Mar 14 21:05:01 +0000 2018,23
CBSNews,0.2263,0.091,0.0,0.909,"In wake of the Parkland shooting, House passes a bill authorizing $500 million over 10 years for grants to improve… https://t.co/Albg8IxTJf",Wed Mar 14 20:45:37 +0000 2018,24
CBSNews,0.0,0.0,0.0,1.0,"RT @60Minutes: ""I never thought I would get so far,"" said Stephen Hawking in 2003 when he appeared on 60 Minutes in celebration of his 60th…",Wed Mar 14 20:37:59 +0000 2018,25
CBSNews,-0.128,0.0,0.073,0.927,"NOW: Pres. Trump delivers remarks at Boeing Company in St. Louis, Missouri amid reports of looming staff changes wi… https://t.co/0U1XQvBZdV",Wed Mar 14 20:22:26 +0000 2018,26
CBSNews,-0.34,0.0,0.124,0.876,"DEVELOPING: Northwestern University says there is ""a report of a person with a gun"" on Evanston, Illinois campus; o… https://t.co/njN6jkbWkq",Wed Mar 14 20:20:11 +0000 2018,27
CBSNews,-0.4767,0.0,0.129,0.871,"In 2014, a man was shot in a courtroom as he tried to attack a witness with a pen. The footage of the incident has… https://t.co/Vy0ivYBDvB",Wed Mar 14 19:50:50 +0000 2018,28
CBSNews,-0.7845,0.0,0.266,0.734,WATCH LIVE: US Ambassador to UN Nikki Haley addresses poisoning attack on former Russian spy and his daughter in Br… https://t.co/BxvcqrYRwh,Wed Mar 14 19:40:04 +0000 2018,29
CBSNews,0.0,0.0,0.0,1.0,"Former U.S. Ambassador to the UN John Bolton is ""waiting in the wings to replace [H.R.] McMaster,"" @MajorCBS report… https://t.co/PosYVf7seh",Wed Mar 14 19:30:25 +0000 2018,30
CBSNews,0.8176,0.306,0.0,0.694,"""Free market capitalism is the best path to prosperity"" is Larry Kudlow's radio show catchphrase; the media persona… https://t.co/LEqniuQLCF",Wed Mar 14 19:15:25 +0000 2018,31
CBSNews,-0.6369,0.131,0.321,0.547,"Parents of slain DNC staffer Seth Rich file a federal lawsuit alleging Fox News exploited his death as a ""political… https://t.co/a45DAfbOc5",Wed Mar 14 18:55:01 +0000 2018,32
CBSNews,0.296,0.115,0.0,0.885,A former high-ranking executive at Equifax  allegedly sold nearly $1M in company shares more than a week before the… https://t.co/pMJtjnTkKn,Wed Mar 14 18:35:01 +0000 2018,33
CBSNews,-0.34,0.0,0.146,0.854,"MORE: Attorney General Jeff Sessions is reviewing FBI officials’ recommendation to fire Andrew McCabe,… https://t.co/QZPlPn9yWR",Wed Mar 14 18:18:55 +0000 2018,34
CBSNews,0.0,0.0,0.0,1.0,Theranos founder and CEO Elizabeth Holmes defrauded investors in raising more than $700M in funding for her blood-t… https://t.co/Vz7zt341K4,Wed Mar 14 18:15:02 +0000 2018,35
CBSNews,0.0,0.0,0.0,1.0,"NEW: Conservative commentator Larry Kudlow will be named as President Trump's national economic adviser, replacing… https://t.co/OqDkIDGxle",Wed Mar 14 18:05:12 +0000 2018,36
CBSNews,-0.296,0.0,0.087,0.913,"""There are no limits to the human spirit."" When Stephen Hawking was diagnosed with ALS at the age of 21, he was tol… https://t.co/OHTopzYXJs",Wed Mar 14 18:00:54 +0000 2018,37
CBSNews,-0.4215,0.08,0.161,0.759,"NEW: FBI officials have recommended that former Deputy Director Andrew McCabe be fired, sources tell CBS News; reco… https://t.co/rWd0Az6Gg2",Wed Mar 14 17:53:02 +0000 2018,38
CBSNews,-0.4404,0.0,0.146,0.854,"Facebook bans anti-Muslim group retweeted by Pres. Trump for posting content ""designed to incite animosity and hatr… https://t.co/BVCClgM6PB",Wed Mar 14 17:45:01 +0000 2018,39
CBSNews,-0.8442,0.0,0.363,0.637,"WATCH LIVE: Now facing the death penalty, Parkland school shooting suspect Nikolas Cruz appears in court; the 19-ye… https://t.co/XdAry5wfSJ",Wed Mar 14 17:35:53 +0000 2018,40
CBSNews,0.0,0.0,0.0,1.0,An Idaho teacher who fed a puppy to a turtle in front of students is now under investigation by the school and law… https://t.co/17aDkhzfQR,Wed Mar 14 17:30:31 +0000 2018,41
CBSNews,0.2263,0.119,0.0,0.881,"$100,000 worth of jewelry found in nearly 10 tons of trash at a landfill https://t.co/sNUCxsw6UJ https://t.co/0LKzt4oLH6",Wed Mar 14 17:15:01 +0000 2018,42
CBSNews,-0.0516,0.126,0.133,0.741,"""In an ideal world, the 20 first graders and kindergartners who died at Sandy Hook would be in middle school... The… https://t.co/3x5etUBo08",Wed Mar 14 17:00:38 +0000 2018,43
CBSNews,-0.1027,0.1,0.122,0.778,"Two of the nation's top educators say guns have ""no place"" in the classroom https://t.co/Q6m00ELAtD https://t.co/YdIndp9mWS",Wed Mar 14 16:45:01 +0000 2018,44
CBSNews,-0.0516,0.126,0.133,0.741,"""In an ideal world, the twenty 1st graders &amp; kindergartners who died at Sandy Hook would be in middle schoo...the 3… https://t.co/coGqn2ck98",Wed Mar 14 16:04:54 +0000 2018,45
CBSNews,0.0,0.0,0.0,1.0,"""You, the young people of this country are leading the nation,"" Sen. Bernie Sanders says. ""All across this country,… https://t.co/HUgqqZFijH",Wed Mar 14 15:49:57 +0000 2018,46
CBSNews,-0.4874,0.0,0.217,0.783,"""There is no compromise. We are not seeking a Republican solution or a Democratic solution,"" Maryland student says.… https://t.co/C3Eg9PNTpO",Wed Mar 14 15:45:59 +0000 2018,47
CBSNews,-0.3387,0.099,0.157,0.744,"My parents ""never had to worry about someone barging into their classroom with an assault rifle and slaughtering ev… https://t.co/XT0kWevOiA",Wed Mar 14 15:44:13 +0000 2018,48
CBSNews,-0.6249,0.102,0.271,0.627,"“The NRA has made me public enemy No. 1 and I am proud of it,” Sen. Chuck Schumer says. “We have been fighting for… https://t.co/0YCoqR1NhL",Wed Mar 14 15:42:28 +0000 2018,49
CBSNews,-0.5859,0.0,0.142,0.858,"“Their right to own an assault rifle does not make as does not outweigh our right to live,"" student says. ""If any e… https://t.co/MttL5eEhIN",Wed Mar 14 15:38:45 +0000 2018,50
CBSNews,0.0,0.0,0.0,1.0,"""To every politician sitting in Congress, working behind us, you get to decide who lives,"" Montgomery County, Md.,… https://t.co/0FWwzM0VzM",Wed Mar 14 15:36:32 +0000 2018,51
CBSNews,0.34,0.228,0.092,0.68,"""You are creating, with this walkout today and your ongoing challenge to all of us ... you are creating a drumbeat… https://t.co/Q2zIoBiUVq",Wed Mar 14 15:32:42 +0000 2018,52
CBSNews,-0.296,0.125,0.25,0.625,WATCH LIVE: Lawmakers join students in gun protest on Capitol Hill https://t.co/B9gqfHUvRF #NationalWalkoutDay https://t.co/341Vn46ekp,Wed Mar 14 15:29:32 +0000 2018,53
CBSNews,-0.5267,0.0,0.188,0.812,"From Parkland, Florida to New York City, students across the country walked out of their schools to protest gun vio… https://t.co/6kLlVT6RC8",Wed Mar 14 15:20:54 +0000 2018,54
CBSNews,0.0,0.0,0.0,1.0,"""We do not know what was presented. In the future, one of the recommendations is there will be more fidelity on how… https://t.co/Mf1SSb6r7w",Wed Mar 14 15:02:13 +0000 2018,55
CBSNews,-0.2263,0.0,0.083,0.917,"Sen. Graham: ""The local cops meet [the suspected Florida shooter] 30 or 40 times, he is kicked out of school. Would… https://t.co/mAxzOWUp3W",Wed Mar 14 14:57:00 +0000 2018,56
CBSNews,-0.5719,0.0,0.198,0.802,"""As I wanted to be fully transparent on -- we made mistakes here. No question about that,"" FBI's David Bowdich says… https://t.co/acgi2vw2Na",Wed Mar 14 14:46:33 +0000 2018,57
CBSNews,0.0,0.0,0.0,1.0,WATCH LIVE: FBI and ATF officials are being grilled by lawmakers on the Senate Judiciary Committee during a hearing… https://t.co/YSzmUz6XiE,Wed Mar 14 14:36:31 +0000 2018,58
CBSNews,0.0,0.0,0.0,1.0,"""This is a part of history. Tell your mom to turn on the news, because [the protests] are everywhere,"" says Kate Wh… https://t.co/339VV6tl19",Wed Mar 14 14:31:32 +0000 2018,59
CBSNews,-0.2263,0.0,0.083,0.917,"RT @CBSThisMorning: .@MajorCBS reports student protesters outside the White House were shouting, ""Hey, hey, ho, ho, the NRA has got to go.""…",Wed Mar 14 14:31:07 +0000 2018,60
CBSNews,-0.4215,0.0,0.128,0.872,".@DeMarcoReports is outside two high schools in New York City, where a scuffle broke out after 17 minutes of silenc… https://t.co/lTVm5I32PL",Wed Mar 14 14:27:36 +0000 2018,61
CBSNews,0.0,0.0,0.0,1.0,"A crowd of students has been outside of the White House for more than an hour, @MajorCBS reports, but President Tru… https://t.co/jNby0Mwhox",Wed Mar 14 14:20:18 +0000 2018,62
CBSNews,0.0,0.0,0.0,1.0,"Anna, a freshman in Maplewood, New Jersey, explains to @tonydokoupil why students are walking out: “It is a goal to… https://t.co/DcdWWMpAP2",Wed Mar 14 14:17:24 +0000 2018,63
CBSNews,-0.3182,0.0,0.103,0.897,"Students in Louisville are standing in silence for 17 minutes to remember the 17 lives of those lost in Florida,… https://t.co/vGeKExt0EZ",Wed Mar 14 14:11:59 +0000 2018,64
CBSNews,-0.2263,0.0,0.101,0.899,".@DeMarcoReports is a few blocks from New York City's Fiorello H. LaGuardia High School, where hundreds of students… https://t.co/KsMjQW0str",Wed Mar 14 14:09:47 +0000 2018,65
CBSNews,-0.1779,0.0,0.078,0.922,"The walkouts are stretching from Florida all the way to Hawaii, and they will take different forms at different sch… https://t.co/Oa9wUaGK8U",Wed Mar 14 14:05:05 +0000 2018,66
CBSNews,0.0,0.0,0.0,1.0,"WATCH LIVE: Students at more than 3,000 schools across the country are expected to walk out of class this morning t… https://t.co/iWsP0srP3j",Wed Mar 14 14:02:50 +0000 2018,67
CBSNews,0.4019,0.213,0.0,0.787,"RT @CBSThisMorning: RIGHT NOW: A @CBSNews Special Report on #NationalWalkoutDay. 

https://t.co/zEjATxykNJ https://t.co/VqAzOHFAnG",Wed Mar 14 14:00:16 +0000 2018,68
CBSNews,-0.25,0.0,0.091,0.909,"WATCH: A man dressed as Elsa from ""Frozen"" helped push out a Boston police truck that was stuck in the snow ??… https://t.co/tkCBQYwJih",Wed Mar 14 13:40:24 +0000 2018,69
CBSNews,0.0,0.0,0.0,1.0,"President Trump is reportedly considering replacing David Shulkin with Rick Perry at VA, according to AP sources:… https://t.co/FVrF5EqRNF",Wed Mar 14 13:25:01 +0000 2018,70
CBSNews,0.0,0.0,0.0,1.0,"""The kids in Sandy Hook were so young. Many of them couldn't even speak out and their parents had to do it for them… https://t.co/wSItSWKQLK",Wed Mar 14 13:13:02 +0000 2018,71
CBSNews,0.6369,0.191,0.0,0.809,"“I’m feeling happy to know that this has stayed in the national media &amp; to know that people are taking action, to k… https://t.co/F2E6mEzE7B",Wed Mar 14 13:09:34 +0000 2018,72
CBSNews,-0.1531,0.0,0.062,0.938,"RT @CBSThisMorning: ""There will be stops along the way that you could not possibly imagine. Did you know, Mick, that you will be the first…",Wed Mar 14 13:09:27 +0000 2018,73
CBSNews,0.5267,0.206,0.0,0.794,"RT @CBSThisMorning: Watch @DukeMBB's Coach K write a letter to his younger self: 

""Dear Mick,

Keep playing those schoolyard games – I kno…",Wed Mar 14 13:03:36 +0000 2018,74
CBSNews,0.7096,0.349,0.0,0.651,The rising popularity of full-face snorkel masks is raising safety concerns: https://t.co/4BpRYuG9HR https://t.co/DebEDG9jsH,Wed Mar 14 13:00:03 +0000 2018,75
CBSNews,-0.4588,0.0,0.115,0.885,"""It is tragic that President Putin has chosen to act in this way,"" British PM Theresa May says. ""But we will not to… https://t.co/REBPeoj0vj",Wed Mar 14 12:56:39 +0000 2018,76
CBSNews,-0.296,0.0,0.087,0.913,"""There is no place for these people or their money in our country,"" British PM May says. ""Mr. Speaker, let me be cl… https://t.co/HMG8HJyikb",Wed Mar 14 12:52:40 +0000 2018,77
CBSNews,-0.4404,0.0,0.139,0.861,NEW: British Prime Minister announces the U.K. will expel 23 Russian diplomats who “have been identified as undecla… https://t.co/p6ZfaKNQQH,Wed Mar 14 12:50:53 +0000 2018,78
CBSNews,-0.1027,0.105,0.123,0.773,"""The U.K. government concluded it was highly likely that Russia was responsible for this reckless act,” British Pri… https://t.co/yhf2xcsuxu",Wed Mar 14 12:46:23 +0000 2018,79
CBSNews,-0.0,0.205,0.205,0.59,"Often a Final Four favorite, the Duke Blue Devils are a No. 2 seed in their region, largely thanks to coach Mike Kr… https://t.co/8PwyCKFzPn",Wed Mar 14 12:46:16 +0000 2018,80
CBSNews,-0.296,0.0,0.087,0.913,"Starting in June, women above the age of 18 in Saudi Arabia will no longer have to rely on drivers or male relative… https://t.co/hK3tXcgDQ6",Wed Mar 14 12:40:01 +0000 2018,81
CBSNews,-0.8316,0.0,0.355,0.645,Wednesday's school walkout calls attention to the issue of gun violence. @CBSThisMorning is looking at how the safe… https://t.co/jYvb4DeIPv,Wed Mar 14 12:38:15 +0000 2018,82
CBSNews,0.0,0.0,0.0,1.0,Here’s a look at some of this morning’s other headlines on @CBSThisMorning https://t.co/C12e2UCn3S,Wed Mar 14 12:35:56 +0000 2018,83
CBSNews,-0.5729,0.101,0.226,0.674,"""He was a really special dog. It's just sad the way he has to, just leave."" Owners of dog that died mid-flight afte… https://t.co/OLt9p7Abig",Wed Mar 14 12:20:01 +0000 2018,84
CBSNews,0.0,0.0,0.0,1.0,President Trump wants CIA Deputy Director Gina Haspel to lead the agency after CIA Director Mike Pompeo was appoint… https://t.co/DXP7lcXY8D,Wed Mar 14 12:14:36 +0000 2018,85
CBSNews,-0.5267,0.0,0.196,0.804,Thousands of students and teachers across the country will walk out of class this morning to protest gun violence.… https://t.co/oRqnEPYTrX,Wed Mar 14 12:11:08 +0000 2018,86
CBSNews,0.0,0.0,0.0,1.0,"Stephen Hawking set the agenda for other physicists, including CBS News science and futurist contributor Michio Kak… https://t.co/lHCNOTYe5F",Wed Mar 14 12:06:46 +0000 2018,87
CBSNews,-0.5574,0.0,0.167,0.833,Legendary scientist Stephen Hawking died Wednesday morning at his home in England. He was 76. Hawking’s research an… https://t.co/Hzoe7EJi4B,Wed Mar 14 12:05:44 +0000 2018,88
CBSNews,0.5859,0.202,0.0,0.798,Pennsylvania House race tighter-than-tight; Democrat Conor Lamb claims win as Republican Rick Saccone continues to… https://t.co/QLW20kklJV,Wed Mar 14 12:00:02 +0000 2018,89
CBSNews,0.0,0.0,0.0,1.0,"""Coach K"" says that playground basketball was more than just a game for him. Ahead on @CBSThisMorning, with… https://t.co/cbUxqvwjnL",Wed Mar 14 11:56:30 +0000 2018,90
CBSNews,0.0,0.0,0.0,1.0,Here’s a look at some of this morning’s other headlines on @CBSThisMorning https://t.co/ll7u6SkwrM,Wed Mar 14 11:53:39 +0000 2018,91
CBSNews,-0.4215,0.103,0.228,0.67,Hawaii is grappling with an alarming increase in snorkel-related deaths. Ten people have died since January. A full… https://t.co/Ruwg8Ka475,Wed Mar 14 11:42:10 +0000 2018,92
CBSNews,-0.8887,0.0,0.511,0.489,"A teacher accidentally fired a gun inside a California classroom and a student was slightly hurt, authorities say… https://t.co/BzAAAvYbJG",Wed Mar 14 11:40:02 +0000 2018,93
CBSNews,-0.3182,0.0,0.119,0.881,"Pres. Trump's aide John McEntee was fired, but will become a senior adviser to Trump's reelection campaign. A feder… https://t.co/sYsbUr1H7s",Wed Mar 14 11:39:01 +0000 2018,94
CBSNews,-0.6486,0.144,0.266,0.59,A grieving family is speaking out this morning about the death of their dog aboard a United Airlines flight. They s… https://t.co/LnHCyeoqTV,Wed Mar 14 11:34:29 +0000 2018,95
CBSNews,-0.34,0.0,0.107,0.893,"Here are three things you should know this morning:
1?Poll: Students should take part in gun debate
2?@POTUS to tou… https://t.co/10feog848J",Wed Mar 14 11:33:24 +0000 2018,96
CBSNews,-0.1779,0.0,0.075,0.925,"RT @CBSThisMorning: According to @womensmarch, walkouts are planned at more than 3,100 of the roughly 133,000 schools in the U.S. Most stud…",Wed Mar 14 11:32:06 +0000 2018,97
CBSNews,-0.0516,0.231,0.239,0.53,United Airlines is under fire for the death of a family’s beloved pet bulldog during a flight. Ahead on… https://t.co/aUEyyDBckX,Wed Mar 14 11:23:07 +0000 2018,98
CBSNews,0.0,0.0,0.0,1.0,"More than 150,000 homes and businesses do not have power Wednesday after a third Nor'easter in less than two weeks… https://t.co/KTxJ4slZlr",Wed Mar 14 11:20:43 +0000 2018,99
CNN,0.0,0.0,0.0,1.0,"These emails prove Ben and Candy Carson knew about the $31,000 dining set https://t.co/v7sjbRcofw https://t.co/xPok7VxoKw",Thu Mar 15 02:17:26 +0000 2018,0
CNN,0.0772,0.071,0.0,0.929,Mississippi Republican state Sen. Chris McDaniel is dropping his primary challenge to Sen. Roger Wicker to instead… https://t.co/XjrHdY4zGU,Thu Mar 15 02:16:05 +0000 2018,1
CNN,-0.6249,0.0,0.231,0.769,An Ohio federal district court judge blocked legislation that would have banned abortion in cases where a fetus is… https://t.co/r0lN1gRW7c,Thu Mar 15 02:14:15 +0000 2018,2
CNN,-0.2263,0.0,0.101,0.899,"Two people were wounded in a shooting at the UAB Hospital-Highlands in Birmingham, Alabama, and the suspected gunma… https://t.co/hzxnyGqSJj",Thu Mar 15 02:13:36 +0000 2018,3
CNN,-0.4588,0.109,0.227,0.664,"Sen. John Kennedy is calling out United Airlines, demanding an ""immediate explanation"" of the death of a dog on a f… https://t.co/6eiDEaE1As",Thu Mar 15 02:03:55 +0000 2018,4
CNN,-0.0516,0.133,0.101,0.766,Having high stamina -- the time it takes for you to reach peak exhaustion during exercise -- compared with medium c… https://t.co/me6sslmO5X,Thu Mar 15 02:01:03 +0000 2018,5
CNN,0.296,0.091,0.0,0.909,"""For Republicans, it is time to get used to life after Hillary, and to the prospect of unlikely voters who aren't i… https://t.co/F4pwJdgpCW",Thu Mar 15 01:54:53 +0000 2018,6
CNN,-0.2516,0.169,0.169,0.661,"Nearly a decade after the financial crisis, the Senate advanced the most significant changes yet to the 2010 Dodd-F… https://t.co/UnCXoeYBCI",Thu Mar 15 01:53:06 +0000 2018,7
CNN,0.0,0.0,0.0,1.0,Nigerian President Muhammadu Buhari vowed that his government will never give up until the schoolgirls kidnapped by… https://t.co/v6Vga36a2O,Thu Mar 15 01:47:07 +0000 2018,8
CNN,0.4939,0.132,0.0,0.868,"On paper, Russian President Vladimir Putin is a man of modest wealth. In reality, he may be one of the world's rich… https://t.co/zieqPoDDYc",Thu Mar 15 01:44:49 +0000 2018,9
CNN,0.0,0.0,0.0,1.0,"""I don't wanna grow up, I'm a Toys 'R' Us kid.""

You won't be hearing this iconic jingle anymore. After 70 years in… https://t.co/M7iAMvMSxW",Thu Mar 15 01:32:11 +0000 2018,10
CNN,0.0,0.0,0.0,1.0,A Jewish woman heard an undocumented immigrant and her two daughters were on the run from ICE. Driven by thoughts o… https://t.co/c9qYXczY6f,Thu Mar 15 01:10:31 +0000 2018,11
CNN,0.0,0.0,0.0,1.0,New documents suggest a deeper link than previously known between the Trump Organization and the company that Trump… https://t.co/BPioQCNP2q,Thu Mar 15 00:45:34 +0000 2018,12
CNN,0.0,0.0,0.0,1.0,JUST IN: Documents show another Trump Organization attorney is involved in the Stormy Daniels case… https://t.co/I8QVMyG9TF,Thu Mar 15 00:30:30 +0000 2018,13
CNN,0.128,0.103,0.0,0.897,Stormy Daniels is crowdfunding her legal fees in suit against President Trump https://t.co/jHmXnCwHpb https://t.co/PQNPF32i7B,Thu Mar 15 00:23:55 +0000 2018,14
CNN,0.5859,0.192,0.0,0.808,"Although Stephen Hawking was a British citizen, the theoretical physicist was honored in 2009 with America's highes… https://t.co/GeJSsuZL4E",Thu Mar 15 00:13:19 +0000 2018,15
CNN,0.0,0.0,0.0,1.0,"Legions of adults who came of age in the 1980s and 1990s can probably still whistle the chain's jingle. But Toys ""R… https://t.co/LWYOwdEJdd",Thu Mar 15 00:01:19 +0000 2018,16
CNN,0.0,0.0,0.0,1.0,"Irgo, a 10-year-old German Shepherd, is set to fly first class with a human escort for the trip home https://t.co/5kYUYMZ45g",Wed Mar 14 23:53:21 +0000 2018,17
CNN,-0.0258,0.129,0.134,0.737,"United Airlines wrongly shipped a Kansas-bound pet dog to Japan, the second embarrassment this week for the airline… https://t.co/8BuEqsFUOV",Wed Mar 14 23:52:06 +0000 2018,18
CNN,0.4939,0.176,0.0,0.824,"Stormy Daniels' friend says President Trump ""would call all the time"" during their affair https://t.co/bxaLuuwUYl https://t.co/cz7pF3VSVg",Wed Mar 14 23:36:46 +0000 2018,19
CNN,0.25,0.095,0.0,0.905,"The Senate has passed a bill that rolls back parts of the Dodd-Frank banking law, easing regulations on some banks… https://t.co/CgciTBZDtT",Wed Mar 14 23:32:34 +0000 2018,20
CNN,0.5267,0.175,0.0,0.825,Democrats in Washington believe they have found a winning strategy in Trump country: don't nationalize the race… https://t.co/y1uj6Lrnzr,Wed Mar 14 23:17:34 +0000 2018,21
CNN,0.5719,0.289,0.0,0.711,"Exclusive: Inside the US nuclear submarine challenging Russia in the Arctic, capable of launching a two-ton, 20-foo… https://t.co/FHjtkh9a26",Wed Mar 14 23:14:42 +0000 2018,22
CNN,0.0,0.0,0.0,1.0,Rick Saccone's campaign has instructed the four counties in Pennsylvania's 18th District to preserve ballots and vo… https://t.co/yNkDQW4QSk,Wed Mar 14 23:14:01 +0000 2018,23
CNN,0.0772,0.064,0.0,0.936,"As the #MeToo movement rallies women to challenge systems of power, some look back at Facebook COO Sheryl Sandberg'… https://t.co/sa8alCAgRm",Wed Mar 14 23:06:01 +0000 2018,24
CNN,-0.4215,0.0,0.141,0.859,"Chipotle executive Mark Crumpacker, who made news in 2016 for pleading guilty to misdemeanor cocaine possession, ha… https://t.co/li0JvUUTzh",Wed Mar 14 23:02:08 +0000 2018,25
CNN,-0.5267,0.0,0.139,0.861,"The woman who wrote the Toys ""R"" Us jingle says she's been saddened to hear the recent news about the company… https://t.co/lLweZ9E7Al",Wed Mar 14 23:00:31 +0000 2018,26
CNN,0.0,0.0,0.0,1.0,"BREAKING: Toys ""R"" Us is closing its doors after 70 years in business. https://t.co/cFclxh5sdF

The iconic toy reta… https://t.co/APW41zFyGb",Wed Mar 14 22:41:52 +0000 2018,27
CNN,0.5106,0.136,0.0,0.864,"A Navy F/A-18 jet crashed off the coast of Key West, Florida. The crew ejected, and search and rescue efforts are u… https://t.co/2PwF0EJYxg",Wed Mar 14 22:37:39 +0000 2018,28
CNN,0.0,0.0,0.0,1.0,"Russian President Vladimir Putin visited Crimea ahead of Sunday's presidential election.

Sunday will mark four yea… https://t.co/LnVYZ0WUI2",Wed Mar 14 22:29:01 +0000 2018,29
CNN,-0.3182,0.0,0.108,0.892,Ford is recalling 1.4 million vehicles because the steering wheels can become loose and even come off while driving https://t.co/MIQmV5Utxq,Wed Mar 14 22:15:39 +0000 2018,30
CNN,0.0516,0.203,0.122,0.676,"Exclusive: The Department of Defense charged nearly $140,000 at Trump-branded properties https://t.co/K1PrKqD8R3 https://t.co/d0U2nUqpE7",Wed Mar 14 22:00:51 +0000 2018,31
CNN,0.4215,0.128,0.0,0.872,United Airlines has had the highest rate of pet deaths of any US airline for the past three years.… https://t.co/ehSrgsprPH,Wed Mar 14 21:52:05 +0000 2018,32
CNN,-0.2023,0.106,0.136,0.758,Three times as many animals died on United Airlines flights last year than on all the other US carriers put togethe… https://t.co/3AbXHCciki,Wed Mar 14 21:48:26 +0000 2018,33
CNN,-0.5267,0.0,0.159,0.841,YouTube says it will start displaying Wikipedia articles next to conspiracy theory videos as part of a broader effo… https://t.co/onyJfAaidK,Wed Mar 14 21:26:08 +0000 2018,34
CNN,-0.7184,0.101,0.319,0.58,"Whether pushing for action on gun violence or sharing the names of the 17 Parkland victims, students' signs during… https://t.co/HWQqCy5m0e",Wed Mar 14 21:19:29 +0000 2018,35
CNN,0.0772,0.067,0.0,0.933,".@jaketapper: ""What do you think the odds are"" that you will challenge President Trump?     
 
GOP Sen. Jeff Flake:… https://t.co/tYBnE2UM9O",Wed Mar 14 21:09:34 +0000 2018,36
CNN,0.0,0.0,0.0,1.0,"White House trade adviser Peter Navarro told @jaketapper 10 days ago that Trump’s new economic adviser pick, Larry… https://t.co/p0vU4IkmLK",Wed Mar 14 20:57:29 +0000 2018,37
CNN,-0.4215,0.0,0.149,0.851,The Dow slid 249 points as President Trump escalated threats to clamp down on China https://t.co/bfAXsz3dZW https://t.co/KQWvpFlRqg,Wed Mar 14 20:54:45 +0000 2018,38
CNN,0.0,0.0,0.0,1.0,"""If we don't take immediate concrete measures to address this now, Salisbury will not be the last place we see chem… https://t.co/AxO8Qa3Qjs",Wed Mar 14 20:46:50 +0000 2018,39
CNN,0.743,0.27,0.0,0.73,"US Ambassador to the UN Nikki Haley said the Trump administration ""stands in absolute solidarity with Great Britain… https://t.co/35TU9npMS7",Wed Mar 14 20:42:01 +0000 2018,40
CNN,0.0,0.0,0.0,1.0,This 16-year-old was the only one -- out of about 700 students at his North Carolina school -- who walked out of cl… https://t.co/ILaMK5iQah,Wed Mar 14 20:23:03 +0000 2018,41
CNN,0.5719,0.163,0.0,0.837,"President Trump's tapping of TV personality Larry Kudlow as his new economic adviser ""is a perfect kind of an appoi… https://t.co/KNADuLMgxv",Wed Mar 14 20:09:30 +0000 2018,42
CNN,0.0,0.0,0.0,1.0,"7% of astronaut Scott Kelly's genes did not return to normal after his return to Earth two years ago, according to… https://t.co/zlRKAVwiyV",Wed Mar 14 20:01:11 +0000 2018,43
CNN,0.3252,0.104,0.0,0.896,A judge entered a plea of not guilty on the Parkland shooter's behalf as the teen was arraigned in last month's mas… https://t.co/ZF6hOUO6GK,Wed Mar 14 19:51:01 +0000 2018,44
CNN,0.4404,0.162,0.0,0.838,Sen. Chuck Schumer wants Toys 'R' Us to cash out your unused gift cards https://t.co/4TqxlqNdW1 https://t.co/qPe4vnDaJ7,Wed Mar 14 19:44:00 +0000 2018,45
CNN,-0.6808,0.0,0.248,0.752,Newly released 911 calls from the Parkland school shooting illustrate the uncertainty and fear in the first chaotic… https://t.co/ciOttvbmsm,Wed Mar 14 19:29:05 +0000 2018,46
CNN,-0.1779,0.091,0.162,0.747,"In a show of unity and political solidarity, waves of students marched out of class to demand stricter gun laws and… https://t.co/ZoY3Zh16IW",Wed Mar 14 19:23:21 +0000 2018,47
CNN,0.7184,0.333,0.0,0.667,"A strong handshake could be an indication of a healthy heart, a new study suggests https://t.co/70sHNk6ueB https://t.co/cC9tY0lHDB",Wed Mar 14 19:16:05 +0000 2018,48
CNN,-0.4019,0.0,0.137,0.863,People riding in self-driving cars that crash could find themselves unable to hold the manufacturer accountable if… https://t.co/deLZWfvwlk,Wed Mar 14 19:09:37 +0000 2018,49
CNN,0.0,0.0,0.0,1.0,"""Don't listen to people who tell you you're too young"": Portland Mayor Ted Wheeler wrote a letter expressing his so… https://t.co/VpYJZR39fk",Wed Mar 14 19:05:06 +0000 2018,50
CNN,0.0,0.0,0.0,1.0,"Students spelled out ""#Enough"" on the football field after walking out of class at Granada Hills Charter High Schoo… https://t.co/KWSfuf39fe",Wed Mar 14 19:01:05 +0000 2018,51
CNN,0.5556,0.213,0.0,0.787,"A Jamaican songwriter claims that Miley Cyrus' 2013 party anthem ""We Can't Stop"" features lyrics that infringe on h… https://t.co/CIZLkQLqjz",Wed Mar 14 18:58:45 +0000 2018,52
CNN,-0.2732,0.0,0.208,0.792,How the Trump vote collapsed in Pennsylvania https://t.co/TSs0vImE0F https://t.co/BKHRewlK2i,Wed Mar 14 18:55:22 +0000 2018,53
CNN,-0.4767,0.104,0.232,0.664,"""People seem to forget that we're kids who just went through a traumatic experience."" FL school shooting survivor L… https://t.co/LPJGIoUYq0",Wed Mar 14 18:46:51 +0000 2018,54
CNN,-0.802,0.0,0.325,0.675,"While crowds of people participated in walkouts calling for some sort of action against gun violence, the NRA made… https://t.co/iUqHHzYx73",Wed Mar 14 18:41:30 +0000 2018,55
CNN,0.0,0.0,0.0,1.0,Republicans may be in a 2018 nightmare they can't wake up from | Analysis by @CillizzaCNN https://t.co/dMHwX6VHbz https://t.co/nowcyYrEzD,Wed Mar 14 18:30:03 +0000 2018,56
CNN,-0.4019,0.106,0.273,0.621,These students did not walk out to protest tougher gun laws https://t.co/IQi2WHdZhJ https://t.co/UraVh97v39,Wed Mar 14 18:20:09 +0000 2018,57
CNN,0.0,0.0,0.0,1.0,"Students at a Los Angeles school held a die-in spelling #ENOUGH with their bodies as a gong sounded 17 times, one f… https://t.co/TkKSrs07tM",Wed Mar 14 18:09:00 +0000 2018,58
CNN,0.0,0.0,0.0,1.0,Stephen Hawking became a pop culture icon by explaining the mysteries of the universe to a mass audience -- while r… https://t.co/uGY4iasCvn,Wed Mar 14 18:08:00 +0000 2018,59
CNN,-0.34,0.0,0.112,0.888,JUST IN: Attorney General Jeff Sessions is considering firing former FBI Deputy Director Andrew McCabe. He is set t… https://t.co/SQCzdPxonz,Wed Mar 14 17:57:40 +0000 2018,60
CNN,-0.2732,0.0,0.084,0.916,About half of all plants and animals in 35 of the world's most biodiverse places are at risk of extinction due to c… https://t.co/RMFefnbuG6,Wed Mar 14 17:50:06 +0000 2018,61
CNN,0.5318,0.174,0.0,0.826,"Munich, Germany, is a long way from the ocean and it's pretty darn cold this time of year, but that doesn't stop so… https://t.co/uut7kS4tmq",Wed Mar 14 17:46:00 +0000 2018,62
CNN,-0.4767,0.0,0.147,0.853,The White House is trying to distance itself from a poor showing by the Republican candidate in the Pennsylvania's… https://t.co/jewBjWD74N,Wed Mar 14 17:39:05 +0000 2018,63
CNN,-0.5719,0.099,0.23,0.671,"Across the United States, students are walking out of school to say enough is enough with regards to gun violence a… https://t.co/Bj3mMv1FLy",Wed Mar 14 17:29:30 +0000 2018,64
CNN,0.0,0.0,0.0,1.0,BREAKING: President Trump names economist and conservative media analyst Larry Kudlow to head National Economic Cou… https://t.co/t9YrV95Z2Z,Wed Mar 14 17:16:15 +0000 2018,65
CNN,0.3612,0.106,0.0,0.894,"""I'll control my own guns, thank you,"" the NRA tweeted as thousands of students walked out of schools across the na… https://t.co/XnSs9fin1o",Wed Mar 14 16:45:06 +0000 2018,66
CNN,-0.2732,0.0,0.104,0.896,Former Trump campaign aide Sam Nunberg says he warned Roger Stone about associating with WikiLeaks founder Julian A… https://t.co/hFEXvQFVvd,Wed Mar 14 16:34:29 +0000 2018,67
CNN,0.0,0.0,0.0,1.0,RT @CNNPhotos: Stephen Hawking’s life in pictures: https://t.co/xdfuPBDhZm https://t.co/Ri2WD2w7H1,Wed Mar 14 16:23:41 +0000 2018,68
CNN,0.0,0.0,0.0,1.0,"Students in Littleton, Colorado — the site of the 1999 Columbine high school shooting — 
 are walking out of school… https://t.co/cBtYXrO0QK",Wed Mar 14 16:15:01 +0000 2018,69
CNN,0.0,0.0,0.0,1.0,"First lady Melania Trump is making steps toward a campaign against cyberbullying, hosting tech leaders at the White… https://t.co/SL6YfDGNSa",Wed Mar 14 16:02:02 +0000 2018,70
CNN,0.3832,0.168,0.099,0.733,These New York City elementary school students sang “Put a Little Love in Your Heart” during their walkout protest… https://t.co/MCzUeksxDl,Wed Mar 14 15:57:10 +0000 2018,71
CNN,0.0772,0.056,0.0,0.944,So what do the students want? Here are the 3 most common demands from those marching out of class this morning to d… https://t.co/QqYC3sXXV2,Wed Mar 14 15:44:17 +0000 2018,72
CNN,0.0516,0.104,0.094,0.802,"Students across the country are walking out of school to protest in solidarity with students in Parkland, Florida… https://t.co/kxw7EyasbD",Wed Mar 14 15:29:37 +0000 2018,73
CNN,0.2732,0.095,0.0,0.905,"""People who boast about their IQ are losers.""

As well as being one of the world's most renowned scientists, Stephe… https://t.co/cXptnRSdrT",Wed Mar 14 15:18:56 +0000 2018,74
CNN,-0.4512,0.0,0.248,0.752,This Georgia school district doesn't support the student walkouts. The parents do. https://t.co/K9OMHMeXf7 https://t.co/xIaCJrTnKv,Wed Mar 14 15:00:06 +0000 2018,75
CNN,-0.4364,0.0,0.161,0.839,"So, HUD lied about buying Ben Carson's $31,000 dining room set? | Analysis by @CillizzaCNN https://t.co/69N62wAUbe https://t.co/CnWBvn4ko0",Wed Mar 14 14:55:08 +0000 2018,76
CNN,-0.2263,0.0,0.079,0.921,RT @ryanobles: Student protesters have arrived at the US Capitol after marching from the White House. They are calling for     changes to t…,Wed Mar 14 14:53:11 +0000 2018,77
CNN,0.0,0.0,0.0,1.0,"""Be a nuisance when it counts"": Broward County's school superintendent @RobertwRuncie tweeted this quote from Marjo… https://t.co/ECwZAFtEQe",Wed Mar 14 14:45:10 +0000 2018,78
CNN,-0.4767,0.0,0.186,0.814,"Ryan Petty lost his daughter Alaina in the Florida school shooting. He says, to effect change, people should consid… https://t.co/VnzSueF0Sx",Wed Mar 14 14:35:04 +0000 2018,79
CNN,-0.5719,0.096,0.222,0.683,RT @ryanobles: Long line of parents/students wait for an opportunity to get into a Senate hearing on gun violence. They have already set up…,Wed Mar 14 14:26:00 +0000 2018,80
CNN,0.4215,0.128,0.0,0.872,"It's more than just a simple choice in clothing. It's meant to send a powerful message.

Here's why kids are wearin… https://t.co/FNmkhu6nTP",Wed Mar 14 14:25:08 +0000 2018,81
CNN,-0.3182,0.0,0.103,0.897,Parkland student on the nationwide school walkout: “It shows the impact that we’re making and it really shows us th… https://t.co/ELclCZ561D,Wed Mar 14 14:14:44 +0000 2018,82
CNN,-0.6908,0.0,0.241,0.759,"“Yeah, I’m voting. I’m 18… politicians have failed us… the gun laws in America are absolutely absurd”: Students in… https://t.co/fsuQGsgHyS",Wed Mar 14 14:09:34 +0000 2018,83
CNN,-0.8172,0.046,0.313,0.641,"“We want change!”: Students are marching in New Jersey, New York and at the White House to protest gun violence in… https://t.co/zFJu54HZyi",Wed Mar 14 13:59:50 +0000 2018,84
CNN,0.0,0.0,0.0,1.0,Thousands of students from Maine to California are walking out of their schools today. They’ll stay outside for 17… https://t.co/vXkgwv3bcH,Wed Mar 14 13:51:12 +0000 2018,85
CNN,-0.3182,0.0,0.108,0.892,Ford is recalling 1.4 million vehicles because the steering wheels can become loose and even come off while driving https://t.co/iTorgWr0qr,Wed Mar 14 13:43:05 +0000 2018,86
CNN,0.0,0.0,0.0,1.0,"JUST IN: Toys ""R"" Us is closing all of its stores in the UK https://t.co/Ps2zIhOcUj https://t.co/pQ4rUprXjd",Wed Mar 14 13:36:32 +0000 2018,87
CNN,0.128,0.121,0.1,0.779,"Hours before the National School Walkout began in the United States, students in other countries got up from their… https://t.co/ThiRAiKeql",Wed Mar 14 13:30:16 +0000 2018,88
CNN,-0.6597,0.0,0.221,0.779,"The US government racked up a $215 billion deficit in February -- the largest monthly deficit in six years, new US… https://t.co/ipt2Sm4V5S",Wed Mar 14 13:20:10 +0000 2018,89
CNN,0.0,0.0,0.0,1.0,Figures from the scientific community and beyond came together to mark the passing of famed physicist Stephen Hawki… https://t.co/ZriPPiLlTO,Wed Mar 14 13:10:07 +0000 2018,90
CNN,-0.34,0.204,0.258,0.538,Facebook has banned the far-right political party Britain First for hate speech. The group gained international att… https://t.co/K27reh8mJ9,Wed Mar 14 13:00:15 +0000 2018,91
CNN,-0.7845,0.0,0.277,0.723,"UK PM Theresa May on spy poisoning: Russia has ""demonstrated complete disdain for the gravity of these events... th… https://t.co/DgtJelC1yl",Wed Mar 14 12:57:43 +0000 2018,92
CNN,-0.4404,0.0,0.132,0.868,"JUST IN: Prime Minister Theresa May announces that the UK will expel 23 Russian diplomats ""who have been identified… https://t.co/9S3IJRN39l",Wed Mar 14 12:54:35 +0000 2018,93
CNN,-0.4812,0.0,0.172,0.828,There are 119 Republican House members who should be VERY nervous today | Analysis by @CillizzaCNN… https://t.co/gQn7c5oeRa,Wed Mar 14 12:50:09 +0000 2018,94
CNN,0.2732,0.095,0.0,0.905,"""People who boast about their IQ are losers.""

As well as being one of the world's most renowned scientists, Stephe… https://t.co/hJKHx2NWr1",Wed Mar 14 12:40:16 +0000 2018,95
CNN,-0.7579,0.0,0.371,0.629,A generation shaped by gun violence plans to make itself heard today https://t.co/VEKD1BMRLH https://t.co/QLwae9iQdi,Wed Mar 14 12:35:07 +0000 2018,96
CNN,0.0,0.0,0.0,1.0,Walmart is bringing online grocery delivery to 100 cities https://t.co/uj1lmX7IAf https://t.co/GIrRN01iqw,Wed Mar 14 12:30:13 +0000 2018,97
CNN,0.0,0.0,0.0,1.0,This Newtown student says he's walking out of class today along with hundreds of others to show lawmakers that he h… https://t.co/eogbNM8iBX,Wed Mar 14 12:22:38 +0000 2018,98
CNN,0.4005,0.119,0.0,0.881,"The US House of Representatives will vote today on a bill to fund more security at schools, exactly one month after… https://t.co/OInsHlvhwv",Wed Mar 14 12:15:03 +0000 2018,99
FoxNews,-0.5106,0.0,0.193,0.807,"Jitu Brown on Chicago student walkouts: ""This was not about young people being parroted or manipulated by adults. I… https://t.co/boTOBcR6Jg",Thu Mar 15 02:17:56 +0000 2018,0
FoxNews,-0.743,0.0,0.344,0.656,UPDATE: Navy says both aviators in jet crash off Key West have died https://t.co/h93Pwu4XJf,Thu Mar 15 02:10:07 +0000 2018,1
FoxNews,-0.1027,0.0,0.076,0.924,Daily Wire editor @benshapiro sat down with @marthamaccallum on #TheStory on Wednesday and questioned calls to rais… https://t.co/7cLTnFFSDR,Thu Mar 15 02:03:50 +0000 2018,2
FoxNews,0.0,0.0,0.0,1.0,.@TuckerCarlson: @SenWarren Claiming Cherokee Heritage Is 'Identity Theft' #Tucker https://t.co/LP6ZA3sPsq,Thu Mar 15 01:58:38 +0000 2018,3
FoxNews,-0.34,0.0,0.146,0.854,Attorney General Jeff Sessions mulling firing FBI Deputy Director Andrew McCabe before he retires https://t.co/D1xTqMrI30,Thu Mar 15 01:52:53 +0000 2018,4
FoxNews,-0.3612,0.0,0.172,0.828,'That's Not Helpful': Ohio Democrat Takes on Hillary for Criticizing #Trump Voters https://t.co/sipTo8zLfF,Thu Mar 15 01:45:14 +0000 2018,5
FoxNews,0.0,0.0,0.0,1.0,Native American overdose deaths surge since opioid epidemic https://t.co/PTThbs17Gu,Thu Mar 15 01:37:20 +0000 2018,6
FoxNews,-0.4588,0.083,0.276,0.641,'Angel families' want to see Oakland mayor prosecuted for thwarting ICE raids https://t.co/kUoBdShTZI,Thu Mar 15 01:24:55 +0000 2018,7
FoxNews,0.0,0.152,0.152,0.696,Singer @KayaJones shared her thoughts regarding gun control on Twitter Wednesday. https://t.co/kO4dugXkJ8 https://t.co/KKnlxQIFkz,Thu Mar 15 01:11:30 +0000 2018,8
FoxNews,0.0,0.0,0.0,1.0,.@USNavy @BlueAngels performed a fly-by over @USMC Air Station Yuma on Wednesday. The Blue Angels are unable to att… https://t.co/tLkna23b03,Thu Mar 15 01:02:20 +0000 2018,9
FoxNews,-0.4404,0.0,0.218,0.782,"Austin police reveal timeline of package explosions, warn residents to be 'aware' of suspicious boxes https://t.co/RFq43zKXTy",Thu Mar 15 00:54:35 +0000 2018,10
FoxNews,-0.2023,0.12,0.159,0.721,"Twila Barnes on @SenWarren's heritage: ""Many [Native Americans] are angry because they feel like she's appropriatin… https://t.co/e7gKLHm5cS",Thu Mar 15 00:47:44 +0000 2018,11
FoxNews,0.0,0.0,0.0,1.0,.@POTUS arrives at Joint Base Andrews after a trip to The @Boeing Company in Missouri. #Tucker… https://t.co/Gm5JWm30xT,Thu Mar 15 00:40:03 +0000 2018,12
FoxNews,0.6369,0.457,0.0,0.543,Pi(e) Day's best deals #PiDay https://t.co/7cDWzo8zXI,Thu Mar 15 00:33:14 +0000 2018,13
FoxNews,-0.6486,0.0,0.223,0.777,Donna Butterworth dead; former child star who worked with Elvis and Jerry Lewis was 62 https://t.co/Z0CQtpcYKP,Thu Mar 15 00:25:58 +0000 2018,14
FoxNews,0.0,0.0,0.0,1.0,OPINION: America shouldn't send endangered religious minority refugees back to Iran https://t.co/IzUAxADJkC,Thu Mar 15 00:20:03 +0000 2018,15
FoxNews,0.0,0.0,0.0,1.0,"On ""@foxandfriends ,"" @TomiLahren did not mince words when talking about @HillaryClinton.  https://t.co/bdSptnwSy1 https://t.co/3byIM1CK0w",Thu Mar 15 00:12:27 +0000 2018,16
FoxNews,0.3182,0.247,0.0,0.753,Study finds pizza can increase work productivity https://t.co/Qtw7FdGpFL,Thu Mar 15 00:07:29 +0000 2018,17
FoxNews,0.0,0.0,0.0,1.0,Conservative McDaniel switches races in Mississippi’s double-barreled Senate contest https://t.co/bDpKrNzFDd,Thu Mar 15 00:01:15 +0000 2018,18
FoxNews,-0.1027,0.149,0.165,0.685,".@benshapiro: “The wonderful thing about Hillary Clinton is she is #1, the worst candidate in American history, bar… https://t.co/Y38VXqCMFX",Wed Mar 14 23:56:07 +0000 2018,19
FoxNews,-0.4019,0.0,0.105,0.895,".@benshapiro: “If you can serve in the military at 18, and you can vote at 18, then what is the problem, exactly, w… https://t.co/764aPgkYUp",Wed Mar 14 23:51:58 +0000 2018,20
FoxNews,-0.6124,0.0,0.217,0.783,".@benshapiro: “[The media have] been putting forward this message that if you disagree with them on gun control, th… https://t.co/8ff0kVMc9n",Wed Mar 14 23:48:29 +0000 2018,21
FoxNews,0.1027,0.184,0.158,0.658,United sends family's dog to Japan instead of Kansas by mistake https://t.co/hTAHEUQz9z,Wed Mar 14 23:46:34 +0000 2018,22
FoxNews,0.0,0.0,0.0,1.0,President #Trump could be making more changes to his Cabinet this week in the wake of Secretary of State Rex Tiller… https://t.co/YjWjUL0fRI,Wed Mar 14 23:30:58 +0000 2018,23
FoxNews,-0.5719,0.0,0.222,0.778,.@facebook bans far-right group Britain First and its leadership in hate speech clampdown https://t.co/mKYu1GeK1r,Wed Mar 14 23:22:09 +0000 2018,24
FoxNews,0.0,0.0,0.0,1.0,.@Ford recalling 1.4 million cars because the steering wheels can fall off https://t.co/40R5olRGhw,Wed Mar 14 23:19:30 +0000 2018,25
FoxNews,-0.5719,0.0,0.188,0.812,CLOSE CALL: Surveillance video captured the terrifying moment a speeding car nearly hit a police officer and a gas… https://t.co/3Xhcoesohy,Wed Mar 14 23:15:28 +0000 2018,26
FoxNews,-0.0516,0.157,0.169,0.674,"United flight attendant who forced dog into overhead bin 'lying,' owner's daughter says https://t.co/dkjnURi4CS",Wed Mar 14 23:06:57 +0000 2018,27
FoxNews,0.2716,0.095,0.0,0.905,".@SteveHiltonx on Russia relations: ""The most important thing that can be done is to hit Putin and Russia where it… https://t.co/Ei6mpSFLMr",Wed Mar 14 23:05:05 +0000 2018,28
FoxNews,0.3818,0.12,0.0,0.88,"Steve Hayes on Russia relations: ""There are many ways in which @POTUS can send a clear and unambiguous message that… https://t.co/JU6g8Q7jDE",Wed Mar 14 23:01:26 +0000 2018,29
FoxNews,0.0,0.143,0.101,0.756,".@MoElleithee on Russian spy poisoning: ""We need to engage the @UN and the security council, but it all rings hollo… https://t.co/HQVz1aetft",Wed Mar 14 22:57:05 +0000 2018,30
FoxNews,0.3818,0.133,0.0,0.867,"'This Race Is Over': DNC Chair Says PA Election Outcome Clear, Moves On to Key Senate Race https://t.co/efXSAAeA2D",Wed Mar 14 22:49:03 +0000 2018,31
FoxNews,-0.7351,0.0,0.341,0.659,"Andrew McCabe controversies, from the Trump text scandal to his wife's failed campaign https://t.co/nbchp1G1Pl",Wed Mar 14 22:45:41 +0000 2018,32
FoxNews,0.0516,0.234,0.219,0.547,.@SecretaryPerry denies interest in replacing VA Secretary Shulkin https://t.co/lO4oBwtVbd,Wed Mar 14 22:41:04 +0000 2018,33
FoxNews,-0.2263,0.0,0.16,0.84,US federal judge dismisses lawsuit filed by 'clock boy's' father https://t.co/7yj6SuzCS9,Wed Mar 14 22:34:16 +0000 2018,34
FoxNews,0.3182,0.103,0.0,0.897,".@TomPerez on election 2016: ""What [Dems have] been doing is looking forward to make sure we learn from our mistake… https://t.co/r0yiRBu7tt",Wed Mar 14 22:29:07 +0000 2018,35
FoxNews,0.2023,0.184,0.0,0.816,"Who is Larry Kudlow, Trump's top economic aide? https://t.co/nr5bQD8CFa",Wed Mar 14 22:22:42 +0000 2018,36
FoxNews,0.0,0.0,0.0,1.0,January 2018 fundraising amounts by the @DNC and @GOP. #SpecialReport https://t.co/NZiSqJCNib,Wed Mar 14 22:19:40 +0000 2018,37
FoxNews,0.2144,0.089,0.0,0.911,".@TomPerez on PA special election: ""I think this race is over. @Saccone4PA18 can contest it but I think it's gonna… https://t.co/ht81W3VTf6",Wed Mar 14 22:17:28 +0000 2018,38
FoxNews,0.0,0.0,0.0,1.0,RT @FoxBusiness: Retail Apocalypse: 23 big retailers closing stores https://t.co/y7Y8hhdGPZ,Wed Mar 14 22:07:42 +0000 2018,39
FoxNews,0.0,0.0,0.0,1.0,".@NorthwesternU experiences 'swatting incident' after false reports of gunman, police say https://t.co/WolLnMRnPw",Wed Mar 14 22:03:26 +0000 2018,40
FoxNews,0.0,0.0,0.0,1.0,"BREAKING: Navy F/A-18 jet crashes off Key West, official tells Fox News https://t.co/gIp7pJxbGV",Wed Mar 14 22:00:49 +0000 2018,41
FoxNews,0.7506,0.39,0.0,0.61,Teary School Cafeteria Employee Thanks @realDonaldTrump For Bonus from Tax Plan https://t.co/kWUgXSbPpT,Wed Mar 14 21:56:17 +0000 2018,42
FoxNews,0.4019,0.153,0.0,0.847,".@JesseBWatters: ""I found some interesting polling... 74% of Californians oppose sanctuary cities. 65% of Hispanics… https://t.co/oxOsyJhI6N",Wed Mar 14 21:48:33 +0000 2018,43
FoxNews,0.6369,0.181,0.0,0.819,".@kimguilfoyle: ""This is the best thing to happen to @TheDemocrats because they've been dying to get rid of [… https://t.co/htijwybjR9",Wed Mar 14 21:47:23 +0000 2018,44
FoxNews,0.0,0.0,0.0,1.0,"St. Joseph Academy students, faculty and staff walked out of their classrooms Wednesday, the school saying on socia… https://t.co/ycmo6HgRRx",Wed Mar 14 21:47:12 +0000 2018,45
FoxNews,-0.2755,0.0,0.131,0.869,".@JesseBWatters: ""[@HillaryClinton] doesn't like the American people. She thinks half of them are deplorable.""… https://t.co/mAyNHagrwU",Wed Mar 14 21:46:04 +0000 2018,46
FoxNews,0.2023,0.167,0.0,0.833,"Top Dem: GOP Invoking Pelosi in Campaigns is 'Sexist'
https://t.co/RGkNIenewF",Wed Mar 14 21:43:19 +0000 2018,47
FoxNews,0.0,0.0,0.0,1.0,RT @FoxBusiness: Toys ‘R’ Us to sell or close all U.S. stores: report https://t.co/TZrf1U3v3f,Wed Mar 14 21:39:35 +0000 2018,48
FoxNews,0.6114,0.4,0.0,0.6,RT @FoxBusiness: Happy Pi Day! ? #PiDay https://t.co/YToL0TtVXe,Wed Mar 14 21:39:33 +0000 2018,49
FoxNews,-0.4588,0.083,0.276,0.641,'Angel families' want to see Oakland mayor prosecuted for thwarting ICE raids https://t.co/shy3LqhM9b,Wed Mar 14 21:38:50 +0000 2018,50
FoxNews,0.4019,0.153,0.0,0.847,".@JesseBWatters: ""I found some interesting polling... 74% of Californians oppose sanctuary cities. 65% of Hispanics… https://t.co/YHte4mRw3M",Wed Mar 14 21:35:01 +0000 2018,51
FoxNews,0.1531,0.096,0.0,0.904,"Earlier, President @realDonaldTrump took a tour of The @Boeing Company where he was shown a fighter aircraft. https://t.co/Fahjar9eRA",Wed Mar 14 21:28:15 +0000 2018,52
FoxNews,0.431,0.192,0.0,0.808,".@JesseBWatters: ""Don't do the crime if you can't do the time."" #TheFive https://t.co/dNGKpezZB7",Wed Mar 14 21:21:27 +0000 2018,53
FoxNews,-0.6326,0.0,0.188,0.812,".@TheJuanWilliams: ""I don't think it's very American to torture people and neither does John McCain who was torture… https://t.co/decOvA0YKt",Wed Mar 14 21:15:36 +0000 2018,54
FoxNews,0.3182,0.16,0.147,0.693,.@POTUS touted the success of recent tax cuts and tax reform during a roundtable discussion at @Boeing on Wednesday… https://t.co/TbctQBEpTW,Wed Mar 14 21:15:07 +0000 2018,55
FoxNews,0.765,0.223,0.0,0.777,"RT @FoxBusiness: Hawthorn Bank CEO David Turner: ""As a result of the tax relief, we were able to give $1,000 bonus to all of our emloyees.…",Wed Mar 14 21:14:08 +0000 2018,56
FoxNews,0.0,0.0,0.0,1.0,"RT @FoxBusiness: Jerry Davis, President of College of the Ozarks: ""As a result of the recent tax bill savings, our college, to our knowledg…",Wed Mar 14 21:14:01 +0000 2018,57
FoxNews,0.7778,0.236,0.0,0.764,"RT @FoxBusiness: Bonnie Brazzeal, employee of College of the Ozarks: “I am very grateful for the [tax cut] bonus, when the College gave it…",Wed Mar 14 21:13:58 +0000 2018,58
FoxNews,0.5423,0.132,0.0,0.868,"RT @FoxBusiness: Brian Cook, Central Bancompany CEO: ""Because of the tax reform, we were able to give $1,000 bonus to each full-time and a…",Wed Mar 14 21:13:55 +0000 2018,59
FoxNews,0.6249,0.17,0.0,0.83,".@POTUS: “It’s very simple. Make America great again. That’s what we’re going to do, and that’s what we’re doing, a… https://t.co/kkItj2Q6Dt",Wed Mar 14 21:12:07 +0000 2018,60
FoxNews,0.4939,0.167,0.0,0.833,".@JesseBWatters on Gina Haspel: ""This woman's a patriot. She was trying to save lives after 9/11."" #TheFive https://t.co/CPaZlhRZ8F",Wed Mar 14 21:11:22 +0000 2018,61
FoxNews,0.0,0.0,0.0,1.0,".@kimguilfoyle on Gina Haspel: ""She's qualified. She deserves the job."" #TheFive https://t.co/IZpnBNOqgP",Wed Mar 14 21:07:21 +0000 2018,62
FoxNews,0.0,0.0,0.0,1.0,"Dennis Muilenburg, Chairman, President, &amp; CEO of the Boeing Company: “On day one of tax reform, we announced an inv… https://t.co/E44hg0J8Rr",Wed Mar 14 21:02:24 +0000 2018,63
FoxNews,0.0,0.0,0.0,1.0,".@stevenmnuchin1: “It’s incredible what you have here. It’s incredible, the amount of jobs you brought back to this… https://t.co/KFglocydnn",Wed Mar 14 21:01:16 +0000 2018,64
FoxNews,0.0,0.0,0.0,1.0,It's time for #TheFive - Tune in to Fox News Channel now! https://t.co/sHvDfONksK,Wed Mar 14 21:00:38 +0000 2018,65
FoxNews,0.7778,0.254,0.0,0.746,"Bonnie Brazzeal, employee of College of the Ozarks: “I am very grateful for the [tax cut] bonus, when the College g… https://t.co/uwBxxjPOrK",Wed Mar 14 20:53:40 +0000 2018,66
FoxNews,-0.7964,0.0,0.532,0.468,".@KayaJones goes off on gun control protesters in fiery Twitter rant
https://t.co/3e4NEBgb1e",Wed Mar 14 20:52:39 +0000 2018,67
FoxNews,0.802,0.286,0.0,0.714,"Hazel Mims, employee of the Boeing Company: “Today, I proudly serve Boeing, as I proudly served in the U.S. Army Re… https://t.co/wQHF7UCNwN",Wed Mar 14 20:41:10 +0000 2018,68
FoxNews,0.1027,0.098,0.082,0.82,".@POTUS: “6 months ago, I promised that we would cut taxes to bring Main Street roaring all the way back, and we di… https://t.co/C8tUc9G3dX",Wed Mar 14 20:30:04 +0000 2018,69
FoxNews,-0.6453,0.0,0.209,0.791,".@POTUS: “Just a few years ago, this plant was in very serious danger of shutting down, and we’ve got it going agai… https://t.co/L3uFhHzMDr",Wed Mar 14 20:26:26 +0000 2018,70
FoxNews,0.0772,0.071,0.0,0.929,".@POTUS: “I keep telling these countries ‘No, you have to buy American. I want you to buy American.’” https://t.co/PjEJK1wAfL",Wed Mar 14 20:22:06 +0000 2018,71
FoxNews,-0.296,0.0,0.145,0.855,.@POTUS participates in a roundtable discussion on tax cuts and tax reform at @Boeing.  https://t.co/mF4DKy3xKd,Wed Mar 14 20:15:01 +0000 2018,72
FoxNews,0.0,0.0,0.0,1.0,.@POTUS takes a tour of the Boeing Company. https://t.co/W4ZY3Rsatf,Wed Mar 14 20:02:21 +0000 2018,73
FoxNews,0.0,0.0,0.0,1.0,".@SteveScalise: ""What we saw in Parkland was an example of so many breakdowns in government.""… https://t.co/C0FekElOPK",Wed Mar 14 19:37:01 +0000 2018,74
FoxNews,0.2263,0.091,0.0,0.909,".@SteveScalise on House school safety bill: ""Congress actually took action today to not just do something, but to s… https://t.co/gkrrkosbGh",Wed Mar 14 19:33:22 +0000 2018,75
FoxNews,-0.296,0.0,0.145,0.855,".@RepGoodlatte: ""No student should ever have to go to school in fear.""  https://t.co/7iSOarI1SC https://t.co/P4VZ6zsYTt",Wed Mar 14 19:31:03 +0000 2018,76
FoxNews,0.0,0.0,0.0,1.0,".@RepRutherfordFL: ""It is going to not only harden the target through technology...it's actually going to provide t… https://t.co/wuOMldzQpo",Wed Mar 14 19:27:29 +0000 2018,77
FoxNews,-0.7925,0.0,0.334,0.666,House Republicans hold a presser to mark the House's vote on the STOP School Violence Act.  https://t.co/izWyhDop3H,Wed Mar 14 19:17:55 +0000 2018,78
FoxNews,0.0,0.0,0.0,1.0,"RT @FoxNewsResearch: Possible NoKo Deal Hurdles:
•Denuclearization
•Inspection/verification
•US/UN sanctions
•US troops in SoKo/military dr…",Wed Mar 14 19:04:36 +0000 2018,79
FoxNews,-0.5106,0.0,0.163,0.837,"Oklahoma mom, 45, who married daughter, 26, after two 'hit it off' gets two years in prison https://t.co/vlBJ5ExceN",Wed Mar 14 19:04:12 +0000 2018,80
FoxNews,0.7845,0.357,0.0,0.643,"Ty Matsdorf on PA special election: ""I think that what it shows is candidates matter. @ConorLambPA fit the district… https://t.co/UNsVKzzIlw",Wed Mar 14 18:53:36 +0000 2018,81
FoxNews,-0.3818,0.0,0.178,0.822,'That's Not Helpful': Democrats Criticize @HillaryClinton for Her Remarks About @realDonaldTrump Voters https://t.co/SmZeifjTth,Wed Mar 14 18:44:13 +0000 2018,82
FoxNews,0.3182,0.126,0.0,0.874,"Larry Kudlow accepts job of White House National Economic Council director, replaces Gary Cohn - via @brookefoxnews… https://t.co/klkisfzzdI",Wed Mar 14 18:37:53 +0000 2018,83
FoxNews,0.7506,0.299,0.0,0.701,OPINION: Special election's lesson: Where @realDonaldTrump once won big there's now a centrist path to victory for… https://t.co/djFCnv0K4n,Wed Mar 14 18:36:59 +0000 2018,84
FoxNews,0.4019,0.137,0.0,0.863,".@HotlineJosh on Pennsylvania special election: ""This result needs to be a wake-up call for Republicans who are sti… https://t.co/551VJCzwdQ",Wed Mar 14 18:32:52 +0000 2018,85
FoxNews,0.8091,0.361,0.0,0.639,"SNOW QUEEN RESCUE: A man dressed as Elsa from ""Frozen"" helped free a police vehicle. https://t.co/xY3ldwG2IR https://t.co/klpKDsS81F",Wed Mar 14 18:25:34 +0000 2018,86
FoxNews,-0.6249,0.0,0.204,0.796,"Peter Morici: Ten years after the financial crisis, Uncle Sam could trigger the next one. @FoxNewsOpinion https://t.co/cjJC1cPqVw",Wed Mar 14 18:15:15 +0000 2018,87
FoxNews,0.0,0.0,0.0,1.0,Robert de Niro's got more words for President @realDonaldTrump. https://t.co/ipDcYbPEwH https://t.co/XO5izblPHO,Wed Mar 14 18:14:00 +0000 2018,88
FoxNews,0.804,0.276,0.0,0.724,".@RandPaul: ""It almost seemed to be a little bit of glee in her voice that [Gina Haspel] actually enjoyed the tortu… https://t.co/trYeyJE6Xv",Wed Mar 14 18:05:24 +0000 2018,89
FoxNews,-0.3612,0.0,0.161,0.839,"Hillary Clinton criticized by fellow Dems for trashing female Trump voters - via @brookefoxnews 
https://t.co/Fvs5ztSEPU",Wed Mar 14 18:00:37 +0000 2018,90
FoxNews,-0.34,0.0,0.179,0.821,Sessions mulling firing FBI Deputy Director Andrew McCabe before he retires https://t.co/JjxMsJp0rB,Wed Mar 14 17:59:47 +0000 2018,91
FoxNews,0.804,0.276,0.0,0.724,".@RandPaul: ""It almost seemed to be a little bit of glee in her voice that [Gina Haspel] actually enjoyed the tortu… https://t.co/6KJtxnnNso",Wed Mar 14 17:58:22 +0000 2018,92
FoxNews,-0.34,0.0,0.124,0.876,Sources: AG Sessions is considering firing former @FBI Deputy Director McCabe before his retirement; that would mea… https://t.co/JEbQo5ypZN,Wed Mar 14 17:55:56 +0000 2018,93
FoxNews,0.0,0.0,0.0,1.0,".@RandPaul: ""Between Peter Strzok, Lisa Page, Bruce Ohr, and Andy McCabe, there needs to be the question asked: Wer… https://t.co/qW9mRioQNT",Wed Mar 14 17:55:00 +0000 2018,94
FoxNews,-0.8176,0.0,0.395,0.605,"Unarmed felon robs bar so he could go back to prison, avoid homelessness https://t.co/xWKjGnMj9V (via @luciasuarezsang)",Wed Mar 14 17:52:00 +0000 2018,95
FoxNews,0.0,0.0,0.0,1.0,Sheriff who pocketed $750G from inmate food fund bought beach house for $740G https://t.co/jdg5L70I2f,Wed Mar 14 17:50:51 +0000 2018,96
FoxNews,0.0,0.0,0.0,1.0,New Jersey fugitive on the run for 23 years caught in Florida https://t.co/ZtzpDgHpyi,Wed Mar 14 17:50:45 +0000 2018,97
FoxNews,-0.1027,0.0,0.08,0.92,"Ohio town must pay back millions of fines collected from speed cameras, court rules (via @AndrewOReilly84)   https://t.co/T3imcv030V",Wed Mar 14 17:43:34 +0000 2018,98
FoxNews,-0.296,0.0,0.109,0.891,".@RepRutherfordFL: ""That's what this bill does it it attempts to actually stop these shooting events before they oc… https://t.co/vGimYU4xwT",Wed Mar 14 17:41:12 +0000 2018,99
NYTimes,0.4019,0.184,0.0,0.816,Need help filling out your bracket? Here's who the experts are picking. https://t.co/DiUYKvzQw7,Thu Mar 15 02:17:05 +0000 2018,0
NYTimes,0.4215,0.128,0.0,0.872,Students chanting “No more violence.” Signs asking “Are we next?” See the powerful photos from a day of school walk… https://t.co/kV5qkg7eRq,Thu Mar 15 02:02:04 +0000 2018,1
NYTimes,0.0,0.0,0.0,1.0,"Ben Carson and his wife were directly involved in selecting a $31,000 custom mahogany dining room set for his offic… https://t.co/43usWTp6hB",Thu Mar 15 01:47:06 +0000 2018,2
NYTimes,0.0,0.0,0.0,1.0,"A brief history of Stephen Hawking's discoveries
https://t.co/8aSJxAAgps",Thu Mar 15 01:32:05 +0000 2018,3
NYTimes,0.0,0.0,0.0,1.0,Evening Briefing: Here's what you need to know at the end of the day https://t.co/4u2D3xTqYG,Thu Mar 15 01:17:08 +0000 2018,4
NYTimes,-0.7405,0.084,0.281,0.636,"RT @charlie_savage: EXCLUSIVE: Green Berets ""training/advising"" Nigerien forces were attacked by ISIS militants and killed 11 of them in De…",Thu Mar 15 01:03:04 +0000 2018,5
NYTimes,-0.7506,0.0,0.262,0.738,The U.S. military said it limited operations in the West African nation of Niger after 4 soldiers were killed. But… https://t.co/sYDXeFdwtJ,Thu Mar 15 00:56:04 +0000 2018,6
NYTimes,0.2023,0.096,0.0,0.904,RT @adamgoldmanNYT: The F.B.I. disciplinary process has recommended FBI Deputy Director Andy McCabe's termination — leaving Mr. Sessions to…,Thu Mar 15 00:47:04 +0000 2018,7
NYTimes,-0.25,0.0,0.1,0.9,"4 years ago, it seemed unthinkable that Tracy Morgan would be performing, speaking or walking again, let alone star… https://t.co/he55d4UewJ",Thu Mar 15 00:32:04 +0000 2018,8
NYTimes,-0.6808,0.146,0.438,0.417,"A teacher’s gun is accidentally fired during public safety class, injuring 3 students https://t.co/i1068S2pjs",Thu Mar 15 00:17:06 +0000 2018,9
NYTimes,0.0,0.0,0.0,1.0,Wedding season is upon us (it officially kicks off in April). Here are a few money saving tips for weddings guests.… https://t.co/HuYLIeYwGy,Thu Mar 15 00:02:10 +0000 2018,10
NYTimes,0.5106,0.246,0.09,0.664,One NYT reader's reaction to Katy Perry giving an unwanted kiss to an “American Idol” contestant… https://t.co/8vxz1W9wLe,Wed Mar 14 23:47:06 +0000 2018,11
NYTimes,0.5719,0.171,0.0,0.829,"As a student at Smith College, Sylvia Plath won a “guest editorship” at Mademoiselle magazine in New York in 1953,… https://t.co/Ii0kMak4qz",Wed Mar 14 23:32:01 +0000 2018,12
NYTimes,-0.7783,0.0,0.274,0.726,"RT @MichaelPaulson: Harper Lee's estate is suing over Aaron Sorkin's script for a new stage adaptation of ""To Kill a Mockingbird,"" schedule…",Wed Mar 14 23:17:02 +0000 2018,13
NYTimes,-0.2263,0.102,0.15,0.749,Britain’s retaliation against Russia in their spy-poisoning brawl includes a small but symbolic slap: No ministers… https://t.co/Dh7pYA91U9,Wed Mar 14 23:02:05 +0000 2018,14
NYTimes,0.0,0.0,0.0,1.0,Evening Briefing: Here's what you need to know at the end of the day https://t.co/pk9LJyXWVe,Wed Mar 14 22:47:02 +0000 2018,15
NYTimes,0.0,0.0,0.0,1.0,"“Quebec needs to change the rules of the game"" says Gabriel Nadeau-Dubois, a young left-wing politician.

 A postca… https://t.co/Ce5L3IM2YQ",Wed Mar 14 22:32:02 +0000 2018,16
NYTimes,-0.34,0.0,0.091,0.909,"Toys “R” Us is closing up shop in the U.S. Once one of the world’s leading toy retailers, it struggled to keep up w… https://t.co/pkGoVzZDhU",Wed Mar 14 22:17:03 +0000 2018,17
NYTimes,0.0,0.0,0.0,1.0,Pennsylvania election results and maps https://t.co/7PadlsF3aW,Wed Mar 14 22:03:04 +0000 2018,18
NYTimes,0.0,0.0,0.0,1.0,Democrat Conor Lamb’s performance in the Pennsylvania House race rattled Republicans and showed Democrats how to wi… https://t.co/zQwH5ici8R,Wed Mar 14 21:55:00 +0000 2018,19
NYTimes,0.0,0.0,0.0,1.0,Breaking News: The Democrat Conor Lamb has an insurmountable lead in a Pennsylvania House race in Trump country. We… https://t.co/NNNY4vxgoH,Wed Mar 14 21:38:33 +0000 2018,20
NYTimes,0.0,0.0,0.0,1.0,"RT @overbye: Goodbye Stephen, you were a supernova in the wind https://t.co/Jl8QuOfzZq",Wed Mar 14 21:31:07 +0000 2018,21
NYTimes,0.2023,0.087,0.0,0.913,A former top Equifax executive sold nearly $1 million in company stock after he learned about a major data breach i… https://t.co/S2lluf3E0J,Wed Mar 14 21:15:06 +0000 2018,22
NYTimes,0.0,0.0,0.0,1.0,David Cay Johnston uses his investigative skills to dig deep inside the Trump administration https://t.co/R6CYZlrriX,Wed Mar 14 21:00:22 +0000 2018,23
NYTimes,0.128,0.127,0.104,0.769,At least 139 people were exonerated last year after being wrongfully convicted. Each person lost a decade to prison… https://t.co/sUwCCQnSmZ,Wed Mar 14 20:45:07 +0000 2018,24
NYTimes,0.2732,0.139,0.0,0.861,"At 98, Sister Jean Dolores-Schmidt is this NCAA tournament-bound basketball team's biggest supporter https://t.co/gQd8p5P1vN",Wed Mar 14 20:30:18 +0000 2018,25
NYTimes,0.0,0.0,0.0,1.0,"As cities throughout the South move to take down Confederate monuments, Nashville's mayor said it was time for the… https://t.co/QoJGRcfkMx",Wed Mar 14 20:15:05 +0000 2018,26
NYTimes,0.4215,0.128,0.0,0.872,Students chanting “No more violence.” Signs asking “Are we next?” See the powerful photos from a day of school walk… https://t.co/sLQjSYhd2G,Wed Mar 14 19:55:32 +0000 2018,27
NYTimes,0.0,0.0,0.0,1.0,"Facebook said that it had taken down pages associated with “Britain First,” a far-right group whose leaders were re… https://t.co/buhhoDlgR0",Wed Mar 14 19:49:57 +0000 2018,28
NYTimes,0.1779,0.082,0.0,0.918,"There’s a lot of growing up happening in today’s tech industry, where former whiz kids made their fortunes and are… https://t.co/4fZIDYby9I",Wed Mar 14 19:45:11 +0000 2018,29
NYTimes,-0.6249,0.0,0.231,0.769,The men are suspected of bombing a mosque in Minnesota and attempting to bomb an abortion clinic in Illinois https://t.co/BUUrbhQmjp,Wed Mar 14 19:37:06 +0000 2018,30
NYTimes,0.7003,0.254,0.0,0.746,"The first kiss of a teenager, delivered by a superstar singer, might have made for a sweet pop-culture moment in a… https://t.co/vPc8PGjDAz",Wed Mar 14 19:30:07 +0000 2018,31
NYTimes,0.25,0.146,0.146,0.709,Trump is visiting a Boeing plant to celebrate tax cuts. But lurking in the background is a clash over trade — one i… https://t.co/HYUsZjXHcK,Wed Mar 14 19:22:05 +0000 2018,32
NYTimes,0.1531,0.078,0.0,0.922,The fall of Rex Tillerson removes one the last remaining presidential advisers whose views on global warming are in… https://t.co/yfENJnfeVT,Wed Mar 14 19:15:08 +0000 2018,33
NYTimes,0.1779,0.278,0.206,0.515,Should teenagers protest? Research says yes. https://t.co/xTpYG8FlTY,Wed Mar 14 19:07:06 +0000 2018,34
NYTimes,0.8402,0.417,0.0,0.583,Remaining physically active as we grow older could help to keep our muscles and immune systems robust https://t.co/P85DU930fM,Wed Mar 14 19:00:18 +0000 2018,35
NYTimes,0.2023,0.091,0.0,0.909,"RT @nytimesbusiness: Disney unveiled a major reorganization on Wednesday, bringing significant change to almost every part of its empire ah…",Wed Mar 14 18:58:12 +0000 2018,36
NYTimes,0.0,0.0,0.0,1.0,"On this day that fetishizes finitude, take a moment to reflect on these everyday infinities https://t.co/3pQJ4Wy99E (from the archives)",Wed Mar 14 18:52:06 +0000 2018,37
NYTimes,0.0,0.0,0.0,1.0,"President Trump is trying to wall off American industry from foreign competition, primarily China, under the guise… https://t.co/7uoUcufPu9",Wed Mar 14 18:45:15 +0000 2018,38
NYTimes,-0.34,0.0,0.146,0.854,Britain’s expulsion of 23 Russian diplomats echoes the espionage feuds between Washington and Moscow https://t.co/a9NHFrgQAh,Wed Mar 14 18:37:04 +0000 2018,39
NYTimes,0.0,0.0,0.0,1.0,"President Trump is expected to name the CNBC analyst Larry Kudlow to replace Gary Cohn, who quit over tariffs https://t.co/BiTzwNqxmx",Wed Mar 14 18:30:21 +0000 2018,40
NYTimes,0.4019,0.13,0.0,0.87,A recount is unlikely to change the results of the Pennsylvania special election because most ballots in the state… https://t.co/bic2scfePz,Wed Mar 14 18:22:06 +0000 2018,41
NYTimes,0.0,0.0,0.0,1.0,Google is joining Facebook in banning advertising for Bitcoin and other cryptocurrencies https://t.co/NPGPrKXGNn,Wed Mar 14 18:15:07 +0000 2018,42
NYTimes,-0.6597,0.09,0.232,0.677,"Stephen Hawking liked to say he was born 300 years to the day after Galileo died, and he died 139 years after Alber… https://t.co/Gqy8ik2M7B",Wed Mar 14 18:07:03 +0000 2018,43
NYTimes,-0.7579,0.0,0.289,0.711,"In Opinion,

Op-Ed contributor Samantha Power writes that a year of insults, chaos and falsehoods has brought about… https://t.co/gabGGazwLI",Wed Mar 14 18:00:19 +0000 2018,44
NYTimes,-0.8402,0.0,0.409,0.591,President Trump has not personally addressed the poison attack since London assigned blame on Russia https://t.co/rU2g6IzQbO,Wed Mar 14 17:52:07 +0000 2018,45
NYTimes,-0.25,0.101,0.185,0.714,"History is full of movements led by students. Some were successful and others brutally crushed, but even the latter… https://t.co/DLsUVrnNMm",Wed Mar 14 17:45:12 +0000 2018,46
NYTimes,-0.25,0.0,0.095,0.905,"Prime Minister Theresa May expelled 23 Russian diplomats and vowed to crack down on Russian spies, corrupt elites a… https://t.co/jPQMzLbwKC",Wed Mar 14 17:37:04 +0000 2018,47
NYTimes,0.0,0.0,0.0,1.0,“Remember to look up at the stars and not down at your feet. Try to make sense of what you see and wonder about wha… https://t.co/hGzt6T9pch,Wed Mar 14 17:30:04 +0000 2018,48
NYTimes,-0.2023,0.15,0.22,0.63,"The founder of the blood-testing company Theranos, once a Silicon Valley darling, was charged with fraud by the SEC… https://t.co/u4Zw2LSHIa",Wed Mar 14 17:23:00 +0000 2018,49
NYTimes,-0.4939,0.0,0.158,0.842,"The Myanmar government maintains that the Rohingya burned down their own villages, and it rejects widespread testim… https://t.co/pk4z9WjChF",Wed Mar 14 17:15:10 +0000 2018,50
NYTimes,0.8934,0.422,0.0,0.578,"RT @nytopinion: Adults are supposed to take care of children — keep them safe, and help them feel safe. https://t.co/ocBNfgoz07 https://t.c…",Wed Mar 14 17:13:55 +0000 2018,51
NYTimes,-0.7269,0.0,0.243,0.757,"Andrew McCabe, an F.B.I. official criticized by President Trump, was to retire on Sunday. But he may be fired first… https://t.co/6kzsefs0lE",Wed Mar 14 17:06:30 +0000 2018,52
NYTimes,-0.5267,0.0,0.175,0.825,"Rodrigo Duterte said that the Philippines was withdrawing from the International Criminal Court, denouncing what he… https://t.co/Jda5Jr2kj2",Wed Mar 14 17:00:24 +0000 2018,53
NYTimes,0.2144,0.089,0.0,0.911,RT @nytgraphics: Final precinct-level results for Pennsylvania's 18th district special election show a blue shift in all but a handful of p…,Wed Mar 14 16:54:18 +0000 2018,54
NYTimes,-0.25,0.089,0.152,0.759,"""Enough."" Students walked out of their schools in a nationwide demonstration over gun violence.… https://t.co/kCXFLlo0mA",Wed Mar 14 16:52:06 +0000 2018,55
NYTimes,0.296,0.104,0.0,0.896,"Join NYT reporter Roslyn Sulcas at the Royal Opera House in London, where she talks to the choreographer Christophe… https://t.co/EveDo1cKHl",Wed Mar 14 16:44:20 +0000 2018,56
NYTimes,-0.7579,0.0,0.265,0.735,"In Opinion,
The editorial board writes: Few American officials were so directly involved in the frenzy of abuse aft… https://t.co/UTnQziketD",Wed Mar 14 16:30:19 +0000 2018,57
NYTimes,0.1779,0.078,0.0,0.922,"As it seeks to compete with rival retailers, led by Amazon, Walmart plans to offer home delivery of groceries bough… https://t.co/rZ3bSioBwb",Wed Mar 14 16:15:13 +0000 2018,58
NYTimes,0.3818,0.14,0.0,0.86,"News Analysis: The message from Pennsylvania’s still-undecided House race is clear: Suburban voters are in revolt,… https://t.co/zlbjL8EbjT",Wed Mar 14 16:07:05 +0000 2018,59
NYTimes,0.0,0.0,0.0,1.0,"When Qatari royals were captured falcon hunting in Iraq, they were used as pawns in a multiplayer chess match that… https://t.co/7A3ipYt6yt",Wed Mar 14 16:00:17 +0000 2018,60
NYTimes,0.2937,0.17,0.109,0.721,RT @katierosman: Katy Perry kisses an American Idol contestant and he did not like it. https://t.co/SENNYwky1k,Wed Mar 14 15:53:09 +0000 2018,61
NYTimes,0.8668,0.364,0.0,0.636,"Stephen Hawking's greatest work focused on black holes. If you still don't fully understand black holes, it's OK. Y… https://t.co/iB5RRB8ltP",Wed Mar 14 15:45:04 +0000 2018,62
NYTimes,0.0,0.0,0.0,1.0,“Not since Albert Einstein has a scientist so captured the public imagination and endeared himself to tens of milli… https://t.co/HgTUlo1lsf,Wed Mar 14 15:30:06 +0000 2018,63
NYTimes,0.0,0.0,0.0,1.0,March 14 = 3/14 = ? = ? = ?  https://t.co/7Htq28VRSg,Wed Mar 14 15:17:41 +0000 2018,64
NYTimes,-0.8591,0.0,0.382,0.618,"RT @nytimesworld: How a plan to fell 6,000 trees in an English city provoked angry protests — and claims of poisoned tea https://t.co/0C9RX…",Wed Mar 14 15:13:19 +0000 2018,65
NYTimes,0.0,0.0,0.0,1.0,"Chris Cuomo is taking over the 9 p.m. weeknight slot on CNN, putting him up against MSNBC's Rachel Maddow and Sean… https://t.co/JRQnx8Xkah",Wed Mar 14 15:05:05 +0000 2018,66
NYTimes,0.0,0.0,0.0,1.0,RT @lauriegnyt: “I am walking out of school on Wednesday because our president and Congress need to do more than just tweet prayers and tho…,Wed Mar 14 15:00:12 +0000 2018,67
NYTimes,0.0,0.0,0.0,1.0,RT @MitchKSmith: Students are preparing to walk out at Perspectives Charter Schools on Chicago’s South Side. Many young people here have lo…,Wed Mar 14 14:51:46 +0000 2018,68
NYTimes,0.6369,0.167,0.0,0.833,"The happiest countries in the world, per a new survey: 
1. ??
2. ??
3. ??
(The Nordic nations are the happiest.) https://t.co/0Bn0PFAdY9",Wed Mar 14 14:45:09 +0000 2018,69
NYTimes,0.0,0.0,0.0,1.0,"@julieturkewitz Why students are walking out, in their own words https://t.co/t7QsDSpRFV https://t.co/2xWznlocrU",Wed Mar 14 14:41:08 +0000 2018,70
NYTimes,0.4019,0.124,0.0,0.876,"RT @nytgraphics: More Democratic or more Republican?
How each precinct in yesterday's Pennsylvania special election shifted from the 2016 p…",Wed Mar 14 14:30:07 +0000 2018,71
NYTimes,0.0,0.0,0.0,1.0,Some of the day’s most poignant demonstrations are expected at schools whose names are synonymous with shootings.… https://t.co/1TyEOR5VTA,Wed Mar 14 14:23:49 +0000 2018,72
NYTimes,0.0,0.0,0.0,1.0,"Trump boasted to reporters that he had made the call to oust Tillerson ""by myself."" Jimmy Fallon found that amusing… https://t.co/kzxzDMsOqE",Wed Mar 14 14:20:14 +0000 2018,73
NYTimes,0.0,0.0,0.0,1.0,Morning Briefing: Here's what you need to know to start your day https://t.co/olPJB2Zxdq https://t.co/JZA6kxltL1,Wed Mar 14 14:10:13 +0000 2018,74
NYTimes,0.0,0.0,0.0,1.0,"RT @NYTNational: Our reporters are across the country as students are expected to walk out nationwide. Follow along:

@alanblinder
@julietu…",Wed Mar 14 13:59:25 +0000 2018,75
NYTimes,-0.7906,0.056,0.339,0.605,Students are walking out of their schools in a nationwide demonstration over gun violence. The protests are set to… https://t.co/b1qQ0OXZKf,Wed Mar 14 13:57:09 +0000 2018,76
NYTimes,0.4939,0.138,0.0,0.862,"As Stephen Hawking's renown spread, movies were made about him, he made cameos on TV shows, and he inspired compose… https://t.co/DWKwdH0qqD",Wed Mar 14 13:48:07 +0000 2018,77
NYTimes,-0.5423,0.0,0.156,0.844,"In Opinion

Op-Ed contributor Paul R. Pillar writes that Mike Pompeo's nomination as secretary of state ""is bad new… https://t.co/JxUjMpFgok",Wed Mar 14 13:29:05 +0000 2018,78
NYTimes,-0.128,0.155,0.182,0.663,"“I lied,” said the antiques dealer. “I cheated. I stole.” And he succeeded, temporarily. https://t.co/wVl1wNNTKr",Wed Mar 14 13:12:30 +0000 2018,79
NYTimes,0.296,0.206,0.106,0.688,Theresa May said she had agreed with Britain’s National Security Council to suspend all high-level contacts between… https://t.co/n6P7WOnQz0,Wed Mar 14 13:10:00 +0000 2018,80
NYTimes,-0.7506,0.0,0.252,0.748,"Breaking News: The UK is expelling 23 Russian diplomats over the poisoning of a former spy on British soil, in a sh… https://t.co/jiZhSZWkwn",Wed Mar 14 12:53:00 +0000 2018,81
NYTimes,0.0,0.0,0.0,1.0,Thousands of students will stand up in their classrooms on Wednesday and walk out of their schools in a nationwide… https://t.co/vsA38Bsz2G,Wed Mar 14 12:45:11 +0000 2018,82
NYTimes,-0.2023,0.053,0.086,0.861,"Stephen Hawking took part in a zero-gravity flight when he was 65. Asked why he took such risks, he said, ""I want t… https://t.co/EN9mGz0Xul",Wed Mar 14 12:40:15 +0000 2018,83
NYTimes,0.3818,0.133,0.0,0.867,"The message from Pennsylvania's still-undecided House race is clear: Suburban voters are in revolt, swamping the mo… https://t.co/iLmB9eH3gK",Wed Mar 14 12:30:13 +0000 2018,84
NYTimes,-0.4588,0.0,0.143,0.857,Instances of female teachers sexually abusing male students are rare. But stories on the subject have lately taken… https://t.co/2pDX6MPmGy,Wed Mar 14 12:21:01 +0000 2018,85
NYTimes,-0.6486,0.0,0.202,0.798,"Three adults and one young child were found shot dead in Brooklyn Wednesday morning, the police said https://t.co/avcNdu3OFv",Wed Mar 14 12:11:06 +0000 2018,86
NYTimes,0.0,0.0,0.0,1.0,Morning Briefing: Here's what you need to know to start your day https://t.co/h9PVjeK9CA https://t.co/Yoo45yOaBo,Wed Mar 14 12:00:13 +0000 2018,87
NYTimes,-0.6705,0.13,0.292,0.578,"The parents of Seth Rich, the young Democratic aide whose unsolved murder became grist for right-wing conspiracy th… https://t.co/bMGOWrhcDE",Wed Mar 14 11:50:04 +0000 2018,88
NYTimes,0.0,0.0,0.0,1.0,Pennsylvania election results and maps https://t.co/nSnEVyiSWN,Wed Mar 14 11:40:10 +0000 2018,89
NYTimes,-0.128,0.165,0.146,0.69,"In Russia, the poisoning of an ex-spy in Britain only adds to Vladimir Putin's image as a fearless defender of the… https://t.co/zdf90ktL5y",Wed Mar 14 11:30:05 +0000 2018,90
NYTimes,0.0,0.0,0.0,1.0,Rex Tillerson was the most persistent advocate of opening diplomatic channels with North Korea — a position that pu… https://t.co/AS2eAJKc6a,Wed Mar 14 11:15:06 +0000 2018,91
NYTimes,0.0,0.0,0.0,1.0,Conor Lamb appeared on the verge of capturing Pennsylvania's 18th District despite a torrent of Republican money an… https://t.co/eXCZzosRBD,Wed Mar 14 11:00:06 +0000 2018,92
NYTimes,-0.7184,0.0,0.25,0.75,"""They're named black holes because they are related to human fears of being destroyed or gobbled up,"" Stephen Hawki… https://t.co/wj9lt4JYl3",Wed Mar 14 10:44:05 +0000 2018,93
NYTimes,0.0,0.0,0.0,1.0,Morning Briefing: Here's what you need to know to start your day https://t.co/xQgDsox4ka https://t.co/lco7aHyx77,Wed Mar 14 10:30:08 +0000 2018,94
NYTimes,-0.5423,0.189,0.278,0.534,"RT @MattAndersonNYT: A survivor of a terrorist attack in Norway said a new movie had turned ""my life’s nightmare into popular entertainment…",Wed Mar 14 10:15:05 +0000 2018,95
NYTimes,-0.296,0.0,0.104,0.896,"""As long as gay people don’t have their rights all across America, there’s no reason for celebration"" — Marsha John… https://t.co/tjzZi9a6GH",Wed Mar 14 10:00:22 +0000 2018,96
NYTimes,0.0,0.0,0.0,1.0,"Netflix paid Claire Foy, Queen on ""The Crown,"" less than her on-screen husband https://t.co/xva6TeTJTZ",Wed Mar 14 09:45:06 +0000 2018,97
NYTimes,-0.6249,0.0,0.221,0.779,"RT @nytimesworld: Japan's fear: ""Mr. Trump might forget what he was told or instructed or advised"" on North Korea https://t.co/pR95c0KcCW",Wed Mar 14 09:30:07 +0000 2018,98
NYTimes,0.128,0.215,0.152,0.633,United Airlines apologized after a dog died on a flight during which it was stored in a passenger's overhead compar… https://t.co/E9fecdOBLC,Wed Mar 14 09:15:08 +0000 2018,99
